user_id,quality_score,task_id,title,description,type_of_task,priority_level,due_date
f98f732c-ee70-4aed-b1a3-642cd4f9cf90,7.17,1e54f8c3-bb89-4b46-8851-fa9304044806,Task 1,Description for Task 1,Section Drawing,Low,2025-04-24
dd801936-6a93-4a1a-9a5d-afc4b0e76d5d,2.68,77e3961a-a838-48fb-8aca-cecbe452dd9a,Task 2,Description for Task 2,3D Render,High,2025-04-14
1df4fdad-5c02-4f47-90b9-3da7d29ac666,2.08,76f3a8e6-56ec-4356-9c32-eb8e7d777110,Task 3,Description for Task 3,Conceptual Design,Neutral,2025-04-09
d8acee70-758c-4f39-a31c-e1298624df0e,6.98,6abdc9c5-5866-4e2f-808e-421b21b3784e,Task 4,Description for Task 4,Permit Drawing,Low,2025-04-07
7b9f74aa-1bee-494f-ac5c-f78457e52dfc,9.88,b54ef365-379d-4e24-b811-e1c7d1360782,Task 5,Description for Task 5,Material Board,High,2025-03-30
1df4fdad-5c02-4f47-90b9-3da7d29ac666,3.73,2bbb593b-6c1b-4651-88b1-256cf6bb2067,Task 6,Description for Task 6,Reflected Ceiling Plan,High,2025-04-15
f98f732c-ee70-4aed-b1a3-642cd4f9cf90,7.69,d6d29211-f38a-4fe7-a348-968cdd6ef256,Task 7,Description for Task 7,Roof Plan,Neutral,2025-04-18
dae22ec9-edac-496f-b529-0ed81ebb7c9c,7.41,7aa47ccb-4835-46b9-87c5-c7761efbd95b,Task 8,Description for Task 8,Floor Plan,Neutral,2025-04-23
d8acee70-758c-4f39-a31c-e1298624df0e,9.57,73ed6d33-139e-4f51-b90e-72c9164accbc,Task 9,Description for Task 9,Furniture Layout Plan,High,2025-04-28
17d1a157-d5e2-43af-a5a3-b4773bc23232,4.6,03e8f285-a036-4540-9fbb-39f6c840d245,Task 10,Description for Task 10,Interior Layout Plan,High,2025-04-01
dd801936-6a93-4a1a-9a5d-afc4b0e76d5d,5.93,5ff15d8a-ccd1-433c-8f32-13f367734494,Task 11,Description for Task 11,Hardscape Plan,High,2025-04-15
dae22ec9-edac-496f-b529-0ed81ebb7c9c,2.47,44615479-d102-4e8c-9be8-fd109e87b4db,Task 12,Description for Task 12,Construction Document,Low,2025-04-14
d8acee70-758c-4f39-a31c-e1298624df0e,2.99,c522d5c0-5587-497d-ae0e-e27ddefb37a3,Task 13,Description for Task 13,Reflected Ceiling Plan,High,2025-04-13
065ed477-c89b-4ea5-ab30-51a10efcde24,2.99,8e37e667-9fc5-4210-9521-5fe6ef665dc7,Task 14,Description for Task 14,Design Development,High,2025-03-31
f98f732c-ee70-4aed-b1a3-642cd4f9cf90,6.4,196ed502-94cc-43fe-9680-536a8950e138,Task 15,Description for Task 15,Custom Millwork & Joinery Drawing,Low,2025-04-02
f98f732c-ee70-4aed-b1a3-642cd4f9cf90,5.09,ae94db6e-3cb0-4b30-ad5c-cee806bcb8a9,Task 16,Description for Task 16,Partition Plan,Neutral,2025-03-30
1df4fdad-5c02-4f47-90b9-3da7d29ac666,8.02,416b027e-4c96-4ffb-a56f-7fd1891a74e5,Task 17,Description for Task 17,Hardscape Plan,Low,2025-03-30
dae22ec9-edac-496f-b529-0ed81ebb7c9c,7.03,d3a75993-0c98-4656-bc60-886c35e41d29,Task 18,Description for Task 18,Floor Plan,Low,2025-04-10
065ed477-c89b-4ea5-ab30-51a10efcde24,4.89,b3075fdd-c8e3-47a8-9b9d-5726121ec9f6,Task 19,Description for Task 19,Technical Specification,Low,2025-04-04
f98f732c-ee70-4aed-b1a3-642cd4f9cf90,8.18,cecd8327-8734-40bf-a828-9aff05784c5d,Task 20,Description for Task 20,Floor Plan,Neutral,2025-04-28
76681699-03e1-425b-88ae-14425e5e0293,8.44,1df2d228-6238-4601-b74a-093edf2cb51f,Task 21,Description for Task 21,Landscape Plan,High,2025-04-09
7b9f74aa-1bee-494f-ac5c-f78457e52dfc,1.16,f3ce9137-0ace-44bb-921e-1bd07ec72632,Task 22,Description for Task 22,Furniture Layout Plan,High,2025-04-13
17d1a157-d5e2-43af-a5a3-b4773bc23232,2.3,01167a79-a06b-433a-89d1-993a279a1119,Task 23,Description for Task 23,Others,Neutral,2025-04-26
76681699-03e1-425b-88ae-14425e5e0293,6.92,2fb21e1e-e020-4fb6-9d13-ed2e0eb06c03,Task 24,Description for Task 24,Material Board,Low,2025-04-28
065ed477-c89b-4ea5-ab30-51a10efcde24,6.09,9fdc0aaa-60c2-4341-8cf2-98da5b10bc4b,Task 25,Description for Task 25,Interior Layout Plan,Neutral,2025-04-09
d8acee70-758c-4f39-a31c-e1298624df0e,9.95,f089011b-fdd0-430c-a8aa-d3e709ce9e8e,Task 26,Description for Task 26,3D Render,Neutral,2025-04-15
44743fb8-d3c8-440d-95ce-47dc59b534d0,1.47,6d868887-e294-41cb-b249-47b391c38283,Task 27,Description for Task 27,Custom Millwork & Joinery Drawing,Low,2025-04-02
f98f732c-ee70-4aed-b1a3-642cd4f9cf90,5.06,30c05eec-f352-467a-bd9b-f47535287fd3,Task 28,Description for Task 28,Landscape Plan,Low,2025-04-15
dd801936-6a93-4a1a-9a5d-afc4b0e76d5d,9.7,cf7d76be-11b1-4d04-987b-ab4636877ba5,Task 29,Description for Task 29,Material Board,Low,2025-04-16
17d1a157-d5e2-43af-a5a3-b4773bc23232,3.45,db974716-cd5d-4fc5-9130-45d4c0491356,Task 30,Description for Task 30,Reflected Ceiling Plan,Neutral,2025-04-04
1df4fdad-5c02-4f47-90b9-3da7d29ac666,8.83,a43998fa-e453-49e8-86dc-25949ff3b7a6,Task 31,Description for Task 31,Elevation Drawing,Neutral,2025-04-28
dae22ec9-edac-496f-b529-0ed81ebb7c9c,7.63,c086931f-b6b7-4c75-80ff-efc7fc4f23ac,Task 32,Description for Task 32,Custom Millwork & Joinery Drawing,Neutral,2025-04-09
dae22ec9-edac-496f-b529-0ed81ebb7c9c,6.88,2b0b720a-0095-4510-a42d-82c0f65ef50a,Task 33,Description for Task 33,Elevation Drawing,High,2025-04-24
dae22ec9-edac-496f-b529-0ed81ebb7c9c,4.99,5322a198-79c7-47df-88a8-62f1f06d480a,Task 34,Description for Task 34,Floor Plan,High,2025-04-27
17d1a157-d5e2-43af-a5a3-b4773bc23232,5.1,f46aadde-ad33-46e0-a3d8-48ff283e93f9,Task 35,Description for Task 35,Roof Plan,Neutral,2025-04-06
44743fb8-d3c8-440d-95ce-47dc59b534d0,7.38,de2b7fc2-ffac-4784-a92a-e0d242d5cf84,Task 36,Description for Task 36,Site Plan,Neutral,2025-04-22
dae22ec9-edac-496f-b529-0ed81ebb7c9c,9.38,0cd58253-8f7f-4335-8625-d4a4ea1f6423,Task 37,Description for Task 37,Partition Plan,Neutral,2025-04-08
dd801936-6a93-4a1a-9a5d-afc4b0e76d5d,5.59,a06919d4-ce34-4d78-8f6e-0f3e2138fa49,Task 38,Description for Task 38,Design Development,Low,2025-04-12
1df4fdad-5c02-4f47-90b9-3da7d29ac666,2.95,db9bed2a-59e7-4aa1-8153-e6c762d068f9,Task 39,Description for Task 39,Permit Drawing,Neutral,2025-04-04
d8acee70-758c-4f39-a31c-e1298624df0e,3.69,09239fdf-660e-4be7-9f88-e56f395c68c4,Task 40,Description for Task 40,3D Render,Neutral,2025-04-18
7b9f74aa-1bee-494f-ac5c-f78457e52dfc,8.39,ab81a263-f629-4c21-94f4-36b1f78bdb15,Task 41,Description for Task 41,Partition Plan,Neutral,2025-03-30
17d1a157-d5e2-43af-a5a3-b4773bc23232,3.5,79826940-dc3e-442b-80e4-7e9484dbb28f,Task 42,Description for Task 42,General Specification,High,2025-04-02
f98f732c-ee70-4aed-b1a3-642cd4f9cf90,5.0,40a10aab-0834-4994-81f2-31363ba09678,Task 43,Description for Task 43,Elevation Drawing,High,2025-04-11
17d1a157-d5e2-43af-a5a3-b4773bc23232,5.52,a30933c0-f93c-4b0e-9bd2-d8369813c617,Task 44,Description for Task 44,Zoning & Building Code Compliance,Low,2025-04-20
7b9f74aa-1bee-494f-ac5c-f78457e52dfc,8.19,c02f1bf0-0296-4b2e-bab3-4bd2d186a6f8,Task 45,Description for Task 45,Technical Specification,Low,2025-04-18
dae22ec9-edac-496f-b529-0ed81ebb7c9c,6.92,5ccc2ed6-f539-4d21-aa36-f1c514ed2e38,Task 46,Description for Task 46,Furniture Layout Plan,Neutral,2025-04-09
d8acee70-758c-4f39-a31c-e1298624df0e,8.6,a431a810-77b4-4b47-8cef-659dc18b30d8,Task 47,Description for Task 47,Schematic Design,Neutral,2025-03-31
1df4fdad-5c02-4f47-90b9-3da7d29ac666,5.86,3d6a8d58-1195-4a19-ae78-550562387994,Task 48,Description for Task 48,Furniture Layout Plan,Neutral,2025-04-21
dae22ec9-edac-496f-b529-0ed81ebb7c9c,3.95,e3ba0ab0-abd7-4059-86d7-0cb613408f49,Task 49,Description for Task 49,Roof Plan,Neutral,2025-04-07
d8acee70-758c-4f39-a31c-e1298624df0e,5.07,434eeba2-32ec-4a93-a06a-7043c8614bc8,Task 50,Description for Task 50,Permit Drawing,Low,2025-04-15
1df4fdad-5c02-4f47-90b9-3da7d29ac666,8.2,09faa9b0-e0da-43d7-9c18-2578057d4001,Task 51,Description for Task 51,General Specification,Low,2025-04-11
065ed477-c89b-4ea5-ab30-51a10efcde24,9.56,65a8b1cc-94c0-43d1-9e80-a168472da025,Task 52,Description for Task 52,General Specification,Low,2025-04-06
d8acee70-758c-4f39-a31c-e1298624df0e,5.67,3fdbfdaf-8fab-407d-a64f-f19f78146ee6,Task 53,Description for Task 53,Others,High,2025-04-25
dae22ec9-edac-496f-b529-0ed81ebb7c9c,9.14,990f7843-b3aa-49d4-90b3-6af929558063,Task 54,Description for Task 54,Floor Plan,Neutral,2025-04-20
76681699-03e1-425b-88ae-14425e5e0293,7.96,f0bacf2b-9e32-47a9-a165-9217b71f7325,Task 55,Description for Task 55,Construction Document,Neutral,2025-04-02
44743fb8-d3c8-440d-95ce-47dc59b534d0,7.34,c91c034b-40ff-47d3-8118-d9a64cab10ae,Task 56,Description for Task 56,Schematic Design,Low,2025-04-20
44743fb8-d3c8-440d-95ce-47dc59b534d0,3.57,889431c0-620c-457f-a480-4fa72e637c59,Task 57,Description for Task 57,Floor Plan,Neutral,2025-04-21
44743fb8-d3c8-440d-95ce-47dc59b534d0,8.23,3d35e1d5-e25d-4d62-a88a-a6f22ddfe485,Task 58,Description for Task 58,Zoning & Building Code Compliance,High,2025-04-16
065ed477-c89b-4ea5-ab30-51a10efcde24,2.13,41457775-5acf-4325-9fab-7d574b4f3a73,Task 59,Description for Task 59,Floor Plan,Neutral,2025-04-07
44743fb8-d3c8-440d-95ce-47dc59b534d0,6.85,94883c6f-6029-4399-8aca-d2394d7ec475,Task 60,Description for Task 60,Partition Plan,Neutral,2025-04-07
dd801936-6a93-4a1a-9a5d-afc4b0e76d5d,7.12,2bc13cd0-3078-4c35-9c37-341474718719,Task 61,Description for Task 61,General Specification,High,2025-04-19
44743fb8-d3c8-440d-95ce-47dc59b534d0,2.53,d9403cc6-8f11-401c-99a1-61686a2ed8d6,Task 62,Description for Task 62,Schematic Design,Neutral,2025-04-04
17d1a157-d5e2-43af-a5a3-b4773bc23232,8.4,4958c4c8-5ac9-4e90-bffd-18fc1db3df2e,Task 63,Description for Task 63,Hardscape Plan,Low,2025-04-11
7b9f74aa-1bee-494f-ac5c-f78457e52dfc,2.65,043938a8-32a1-40a6-b5d1-822cb638ffc5,Task 64,Description for Task 64,Roof Plan,Neutral,2025-04-02
d8acee70-758c-4f39-a31c-e1298624df0e,3.6,f2265154-927e-463c-945f-a3ab2b5218e4,Task 65,Description for Task 65,Schematic Design,Neutral,2025-04-26
dd801936-6a93-4a1a-9a5d-afc4b0e76d5d,2.6,4cf73a88-8945-4b89-939f-03f2b1e1818f,Task 66,Description for Task 66,Site Plan,Neutral,2025-04-21
76681699-03e1-425b-88ae-14425e5e0293,1.75,01514884-bc4d-417a-94c7-145d164bfa2e,Task 67,Description for Task 67,Door & Window Schedule,Low,2025-04-17
7b9f74aa-1bee-494f-ac5c-f78457e52dfc,5.44,958af5fb-d27f-4911-8ea1-eb4711c420d8,Task 68,Description for Task 68,Elevation Drawing,High,2025-04-05
1df4fdad-5c02-4f47-90b9-3da7d29ac666,9.67,2e0d6ce8-4329-42bd-9aa9-7b2e0224607c,Task 69,Description for Task 69,Conceptual Design,Neutral,2025-04-26
065ed477-c89b-4ea5-ab30-51a10efcde24,1.36,18b158f3-5fff-436a-88d4-2fc34fc9982d,Task 70,Description for Task 70,Partition Plan,High,2025-04-12
1df4fdad-5c02-4f47-90b9-3da7d29ac666,8.27,519fdfdf-3a91-4a11-a0ab-d78115656834,Task 71,Description for Task 71,Reflected Ceiling Plan,Low,2025-04-15
f98f732c-ee70-4aed-b1a3-642cd4f9cf90,6.86,b7aa0fbc-7839-4f73-a29a-6fba89951ccd,Task 72,Description for Task 72,Construction Document,High,2025-04-14
44743fb8-d3c8-440d-95ce-47dc59b534d0,7.2,c6bc2037-c011-4de0-a860-bbb0c28f1ba0,Task 73,Description for Task 73,Section Drawing,Low,2025-04-20
dd801936-6a93-4a1a-9a5d-afc4b0e76d5d,4.19,70354655-f849-40b2-9356-e42c42e1c752,Task 74,Description for Task 74,Permit Drawing,High,2025-04-22
dd801936-6a93-4a1a-9a5d-afc4b0e76d5d,7.78,03f88f6c-c0ba-49d0-825d-122c939a326e,Task 75,Description for Task 75,Technical Specification,Neutral,2025-04-14
76681699-03e1-425b-88ae-14425e5e0293,7.51,c3def580-4b7a-4632-b52e-5dca84db80f4,Task 76,Description for Task 76,Door & Window Schedule,Neutral,2025-04-02
44743fb8-d3c8-440d-95ce-47dc59b534d0,6.59,6e7e8b81-baea-4eae-a505-f3c44bf63281,Task 77,Description for Task 77,Virtual Reality,Low,2025-04-01
d8acee70-758c-4f39-a31c-e1298624df0e,5.28,e2b3b671-ad71-419c-8fbd-66a52d90ff40,Task 78,Description for Task 78,Roof Plan,Neutral,2025-04-03
f98f732c-ee70-4aed-b1a3-642cd4f9cf90,2.04,d356d7ec-4b8c-4d31-907a-ed289c02d284,Task 79,Description for Task 79,Elevation Drawing,High,2025-04-04
065ed477-c89b-4ea5-ab30-51a10efcde24,8.45,1aa6a02d-984a-479a-9f1a-e309527afed7,Task 80,Description for Task 80,Lighting & Fixture Plan,Neutral,2025-04-09
dd801936-6a93-4a1a-9a5d-afc4b0e76d5d,2.49,e6bf96f4-7c67-4b26-a3b5-db64f7b16764,Task 81,Description for Task 81,Others,Neutral,2025-04-10
17d1a157-d5e2-43af-a5a3-b4773bc23232,8.22,ee2b7dfc-6209-4d81-9cf4-5544628a4162,Task 82,Description for Task 82,Landscape Plan,Neutral,2025-04-10
f98f732c-ee70-4aed-b1a3-642cd4f9cf90,1.46,7b9c270c-eb80-469c-a65d-403837365e40,Task 83,Description for Task 83,Furniture Layout Plan,Neutral,2025-04-15
dae22ec9-edac-496f-b529-0ed81ebb7c9c,8.37,0fd1bea4-b560-4176-8a35-d9ac48e0aba8,Task 84,Description for Task 84,Furniture Layout Plan,Neutral,2025-04-04
44743fb8-d3c8-440d-95ce-47dc59b534d0,6.51,8c29bcd8-8524-485b-9d1c-b03850c53fcf,Task 85,Description for Task 85,Roof Plan,Low,2025-04-10
7b9f74aa-1bee-494f-ac5c-f78457e52dfc,1.14,187c972b-f354-4bf0-a988-833b0725a4f7,Task 86,Description for Task 86,Lighting & Fixture Plan,High,2025-04-26
065ed477-c89b-4ea5-ab30-51a10efcde24,7.74,3fc5004e-70e8-482a-90ea-c84dec7916b2,Task 87,Description for Task 87,Permit Drawing,High,2025-04-01
dae22ec9-edac-496f-b529-0ed81ebb7c9c,7.97,d8053217-37bd-4a8c-b207-5fd07b79b003,Task 88,Description for Task 88,Interior Layout Plan,Neutral,2025-04-14
1df4fdad-5c02-4f47-90b9-3da7d29ac666,5.58,7628b910-a97b-4075-9bea-c4952df8383b,Task 89,Description for Task 89,Elevation Drawing,High,2025-04-10
065ed477-c89b-4ea5-ab30-51a10efcde24,1.53,72290f54-c83f-4819-bac5-788096b6de56,Task 90,Description for Task 90,Custom Millwork & Joinery Drawing,High,2025-04-03
dae22ec9-edac-496f-b529-0ed81ebb7c9c,8.14,d00cc5d7-e499-4c87-821a-d75371162802,Task 91,Description for Task 91,Site Plan,High,2025-04-01
44743fb8-d3c8-440d-95ce-47dc59b534d0,8.78,45a6f77d-6884-498a-82e2-d5369e58c27d,Task 92,Description for Task 92,Landscape Plan,High,2025-04-12
f98f732c-ee70-4aed-b1a3-642cd4f9cf90,7.26,0e37465f-8a6d-4758-a63d-61384ae6cc26,Task 93,Description for Task 93,3D Model,Low,2025-04-04
f98f732c-ee70-4aed-b1a3-642cd4f9cf90,5.38,46b64b99-f3cb-49ff-a183-e4dadaa0cc33,Task 94,Description for Task 94,Permit Drawing,Neutral,2025-04-11
d8acee70-758c-4f39-a31c-e1298624df0e,5.44,0e3defb4-974e-4d12-80e1-82ad6ee6e08d,Task 95,Description for Task 95,Zoning & Building Code Compliance,High,2025-04-12
065ed477-c89b-4ea5-ab30-51a10efcde24,1.72,297e3225-371e-4634-80fd-3433ff9b7cc4,Task 96,Description for Task 96,Furniture Layout Plan,Low,2025-04-21
7b9f74aa-1bee-494f-ac5c-f78457e52dfc,9.35,d908b2da-6bd1-4b2f-9543-079c45b5c5f3,Task 97,Description for Task 97,Interior Layout Plan,Low,2025-04-03
44743fb8-d3c8-440d-95ce-47dc59b534d0,6.3,d94b4bd0-d035-42d6-9b2e-6599440d5afa,Task 98,Description for Task 98,Furniture Layout Plan,Low,2025-04-07
dae22ec9-edac-496f-b529-0ed81ebb7c9c,5.23,9b86a611-67a8-4837-8e5d-b55153ae9468,Task 99,Description for Task 99,Schematic Design,High,2025-04-18
7b9f74aa-1bee-494f-ac5c-f78457e52dfc,4.73,f087f736-6c00-4f61-9e49-860f58c6db82,Task 100,Description for Task 100,Construction Document,Low,2025-04-16
76681699-03e1-425b-88ae-14425e5e0293,4.59,9c57e4b5-5cd3-4e04-a235-588c2d36980d,Task 101,Description for Task 101,Schematic Design,Low,2025-04-23
1df4fdad-5c02-4f47-90b9-3da7d29ac666,9.83,495e5cba-db11-4108-a757-aec279408142,Task 102,Description for Task 102,Landscape Plan,High,2025-03-31
f98f732c-ee70-4aed-b1a3-642cd4f9cf90,9.87,e2c15d6e-50c4-4514-b208-2ffed80f0791,Task 103,Description for Task 103,Floor Plan,Neutral,2025-04-01
44743fb8-d3c8-440d-95ce-47dc59b534d0,4.75,b4b25fd7-f807-4f3f-b4a4-f4b0ff8d098c,Task 104,Description for Task 104,Custom Millwork & Joinery Drawing,Low,2025-04-14
dd801936-6a93-4a1a-9a5d-afc4b0e76d5d,6.27,1ba0ea5a-039a-4350-b428-23d3d889bb26,Task 105,Description for Task 105,Schematic Design,High,2025-04-15
dd801936-6a93-4a1a-9a5d-afc4b0e76d5d,7.24,2c9baa94-cb76-4470-a4d0-2430ffc12c76,Task 106,Description for Task 106,Permit Drawing,Low,2025-04-17
17d1a157-d5e2-43af-a5a3-b4773bc23232,3.99,a2bdd429-f258-4326-bcca-39f0e6fd8c67,Task 107,Description for Task 107,Technical Specification,High,2025-04-09
dae22ec9-edac-496f-b529-0ed81ebb7c9c,3.67,ea74c798-ce90-4fb2-a8e4-a2a5264840cd,Task 108,Description for Task 108,Furniture Layout Plan,Low,2025-04-20
44743fb8-d3c8-440d-95ce-47dc59b534d0,2.01,b8d4a5aa-79af-41b6-80fd-8f93c4be5f5b,Task 109,Description for Task 109,3D Render,High,2025-04-19
76681699-03e1-425b-88ae-14425e5e0293,6.81,fc9ac28e-cb17-4ff5-bde0-bcf466bbf97a,Task 110,Description for Task 110,Conceptual Design,Low,2025-04-26
d8acee70-758c-4f39-a31c-e1298624df0e,3.87,a9e1f387-ba4b-4fcb-a244-6e36961ee997,Task 111,Description for Task 111,3D Render,High,2025-04-26
76681699-03e1-425b-88ae-14425e5e0293,7.49,1bf2ad5a-5b58-49fe-a3a2-d517ad2ebd4c,Task 112,Description for Task 112,Partition Plan,High,2025-04-11
d8acee70-758c-4f39-a31c-e1298624df0e,7.9,8a5c1ce3-b66c-4baf-aef3-a43a90bc53b9,Task 113,Description for Task 113,Custom Millwork & Joinery Drawing,Neutral,2025-04-26
065ed477-c89b-4ea5-ab30-51a10efcde24,1.19,524ca927-4b55-4510-b848-02f443bb1e34,Task 114,Description for Task 114,Interior Layout Plan,High,2025-04-17
7b9f74aa-1bee-494f-ac5c-f78457e52dfc,4.57,4ca95cd3-8036-4739-9791-6206e23aa1ff,Task 115,Description for Task 115,Interior Layout Plan,Low,2025-04-28
1df4fdad-5c02-4f47-90b9-3da7d29ac666,9.98,7645c714-b37a-4373-8412-8dfec9a7e3f5,Task 116,Description for Task 116,Permit Drawing,Low,2025-04-20
065ed477-c89b-4ea5-ab30-51a10efcde24,3.17,bf9416b1-900e-411d-8e37-1d9ac7962ce4,Task 117,Description for Task 117,Material Board,Neutral,2025-04-03
d8acee70-758c-4f39-a31c-e1298624df0e,9.49,be95ece0-a582-47ef-98c1-3b0d33191b7c,Task 118,Description for Task 118,Virtual Reality,Low,2025-04-05
f98f732c-ee70-4aed-b1a3-642cd4f9cf90,4.38,bf0ec587-992a-4634-978e-4df058dec7bc,Task 119,Description for Task 119,Material Board,Low,2025-04-01
44743fb8-d3c8-440d-95ce-47dc59b534d0,8.08,102c1c08-746d-46c7-a569-b22fd1a7bdea,Task 120,Description for Task 120,Finish Schedule,High,2025-04-23
44743fb8-d3c8-440d-95ce-47dc59b534d0,4.12,bf0203e4-7348-4cae-bc45-795eb17a5947,Task 121,Description for Task 121,Others,Neutral,2025-04-27
76681699-03e1-425b-88ae-14425e5e0293,4.76,0f56441b-4f6a-495d-92a6-66f2fdaff73a,Task 122,Description for Task 122,Floor Plan,Low,2025-04-15
f98f732c-ee70-4aed-b1a3-642cd4f9cf90,9.27,2ff95963-2f8b-4c33-bc75-936b10a39633,Task 123,Description for Task 123,Zoning & Building Code Compliance,Neutral,2025-04-28
dd801936-6a93-4a1a-9a5d-afc4b0e76d5d,8.51,1d781e3e-7838-4ed9-bc14-15b971c13288,Task 124,Description for Task 124,Landscape Plan,High,2025-04-03
76681699-03e1-425b-88ae-14425e5e0293,5.55,dbb35012-5e4d-4032-bfa1-a1ea3f8ef3e6,Task 125,Description for Task 125,Permit Drawing,High,2025-04-01
17d1a157-d5e2-43af-a5a3-b4773bc23232,5.48,56986d29-6c39-4b53-94dd-1051dc342bae,Task 126,Description for Task 126,3D Model,Neutral,2025-04-11
17d1a157-d5e2-43af-a5a3-b4773bc23232,1.92,2fbad395-f2f4-4d45-95fa-c0e7830de8f6,Task 127,Description for Task 127,Virtual Reality,Low,2025-04-12
f98f732c-ee70-4aed-b1a3-642cd4f9cf90,9.81,7ecb59b7-5263-46c9-bbf0-275a7c8fa3e5,Task 128,Description for Task 128,Section Drawing,Neutral,2025-04-08
065ed477-c89b-4ea5-ab30-51a10efcde24,9.0,a1f2f282-80f3-473c-8e1c-36dc320a9d15,Task 129,Description for Task 129,Custom Millwork & Joinery Drawing,Neutral,2025-04-28
d8acee70-758c-4f39-a31c-e1298624df0e,9.05,1e3a573d-6940-4438-b5cd-e05873947a07,Task 130,Description for Task 130,General Specification,High,2025-04-19
1df4fdad-5c02-4f47-90b9-3da7d29ac666,5.25,990f462c-73ab-45d4-a58e-506ffd2e5788,Task 131,Description for Task 131,Finish Schedule,Low,2025-04-26
f98f732c-ee70-4aed-b1a3-642cd4f9cf90,5.18,075a9c6d-2a9d-458f-b162-9eaf9758958e,Task 132,Description for Task 132,Zoning & Building Code Compliance,Low,2025-04-25
dd801936-6a93-4a1a-9a5d-afc4b0e76d5d,9.23,1c9d029d-5e00-47cb-869b-a43347de887d,Task 133,Description for Task 133,Elevation Drawing,Neutral,2025-04-25
7b9f74aa-1bee-494f-ac5c-f78457e52dfc,3.16,d51d00d8-ba85-4e4f-81e2-feb6ce1176a8,Task 134,Description for Task 134,Custom Millwork & Joinery Drawing,Neutral,2025-04-20
dd801936-6a93-4a1a-9a5d-afc4b0e76d5d,7.42,dbc23740-4611-4b1f-8a1f-a6927b80465d,Task 135,Description for Task 135,Furniture Layout Plan,Low,2025-04-06
1df4fdad-5c02-4f47-90b9-3da7d29ac666,7.84,ba110afa-275b-4857-b3c7-3f147742e5b2,Task 136,Description for Task 136,General Specification,Neutral,2025-04-06
f98f732c-ee70-4aed-b1a3-642cd4f9cf90,1.37,b6247574-2182-41e5-ba0c-b5b96d0c65e1,Task 137,Description for Task 137,Furniture Layout Plan,High,2025-04-26
1df4fdad-5c02-4f47-90b9-3da7d29ac666,6.92,ca1df4b9-143d-497d-96c5-eaa21cd84664,Task 138,Description for Task 138,General Specification,Low,2025-04-22
f98f732c-ee70-4aed-b1a3-642cd4f9cf90,8.34,2d82891f-4039-486f-b97a-87765482240f,Task 139,Description for Task 139,Section Drawing,Low,2025-04-14
76681699-03e1-425b-88ae-14425e5e0293,9.27,619b666d-1cf0-4a5b-9901-2d3ddc62b641,Task 140,Description for Task 140,Material Board,Low,2025-04-27
44743fb8-d3c8-440d-95ce-47dc59b534d0,7.78,4d2dec22-77d8-49e1-914e-ae218ab20b9d,Task 141,Description for Task 141,Schematic Design,Low,2025-04-14
d8acee70-758c-4f39-a31c-e1298624df0e,7.49,0f1f6041-c221-4aa2-b66b-41da1b5639a8,Task 142,Description for Task 142,Door & Window Schedule,High,2025-04-20
dd801936-6a93-4a1a-9a5d-afc4b0e76d5d,8.97,136dc6f7-8f8b-4a98-ab1f-e354dea3363a,Task 143,Description for Task 143,Reflected Ceiling Plan,High,2025-04-04
7b9f74aa-1bee-494f-ac5c-f78457e52dfc,8.8,661f0bf2-9266-4370-9332-9653bd9cee13,Task 144,Description for Task 144,Material Board,Low,2025-04-20
f98f732c-ee70-4aed-b1a3-642cd4f9cf90,5.51,7616b758-133f-46a0-8e79-56ac6621287a,Task 145,Description for Task 145,Zoning & Building Code Compliance,Neutral,2025-04-04
44743fb8-d3c8-440d-95ce-47dc59b534d0,8.35,717a449e-c7d0-4753-80fd-89e5d3f531bd,Task 146,Description for Task 146,Furniture Layout Plan,High,2025-04-20
44743fb8-d3c8-440d-95ce-47dc59b534d0,1.85,33690c13-60e1-4967-9087-83997e3441e2,Task 147,Description for Task 147,Furniture Layout Plan,High,2025-04-15
f98f732c-ee70-4aed-b1a3-642cd4f9cf90,6.54,2c5e912a-e8b9-43c9-bd55-524ce6692f5c,Task 148,Description for Task 148,Site Plan,High,2025-04-21
7b9f74aa-1bee-494f-ac5c-f78457e52dfc,4.86,658a39b8-2bb5-4894-ba9a-9daee149e6d2,Task 149,Description for Task 149,Permit Drawing,Low,2025-04-10
7b9f74aa-1bee-494f-ac5c-f78457e52dfc,7.19,4769efd9-b9d1-4a6f-a8df-54dbd026795e,Task 150,Description for Task 150,Design Development,High,2025-04-07
065ed477-c89b-4ea5-ab30-51a10efcde24,2.38,c207a2f2-bd38-4f34-bbf6-38cf8fb5c9a5,Task 151,Description for Task 151,Door & Window Schedule,Neutral,2025-04-04
1df4fdad-5c02-4f47-90b9-3da7d29ac666,9.28,9b5f266a-fd49-419e-8303-73a9e5a95b1d,Task 152,Description for Task 152,Custom Millwork & Joinery Drawing,Low,2025-04-18
f98f732c-ee70-4aed-b1a3-642cd4f9cf90,2.59,ffdfad4c-6c2d-4687-970e-f9b50a1be980,Task 153,Description for Task 153,Elevation Drawing,Neutral,2025-03-30
7b9f74aa-1bee-494f-ac5c-f78457e52dfc,5.69,1cad980c-1e7d-43d7-b8e0-af990b68eb0d,Task 154,Description for Task 154,3D Render,Low,2025-03-30
dd801936-6a93-4a1a-9a5d-afc4b0e76d5d,4.16,a73331c3-abf4-4fe7-b1ee-4740e008f623,Task 155,Description for Task 155,3D Model,Neutral,2025-04-28
d8acee70-758c-4f39-a31c-e1298624df0e,3.83,75297267-835e-47cb-8d20-f52c6e2e43cf,Task 156,Description for Task 156,General Specification,Neutral,2025-04-20
dae22ec9-edac-496f-b529-0ed81ebb7c9c,9.91,827dd5d0-f8e0-4c92-9058-390e5bd88225,Task 157,Description for Task 157,3D Model,Neutral,2025-04-22
065ed477-c89b-4ea5-ab30-51a10efcde24,3.07,9d6208f8-7349-42f4-bdde-fbdf754d0cc1,Task 158,Description for Task 158,Zoning & Building Code Compliance,Neutral,2025-04-12
7b9f74aa-1bee-494f-ac5c-f78457e52dfc,7.45,3be702f8-cc39-4738-8f55-a971946c3794,Task 159,Description for Task 159,Material Board,Low,2025-04-24
17d1a157-d5e2-43af-a5a3-b4773bc23232,1.8,2d6a8eab-ea9c-4419-89a7-35f05487c6e4,Task 160,Description for Task 160,Construction Document,Neutral,2025-04-09
7b9f74aa-1bee-494f-ac5c-f78457e52dfc,3.88,4cb860c5-80a6-4188-89d6-3701a9e3e6e3,Task 161,Description for Task 161,Section Drawing,Low,2025-04-11
f98f732c-ee70-4aed-b1a3-642cd4f9cf90,6.04,696b81e1-852b-41b5-950e-beaf9a119f3f,Task 162,Description for Task 162,Permit Drawing,Low,2025-03-30
1df4fdad-5c02-4f47-90b9-3da7d29ac666,9.25,d8a99fc7-60e5-46d2-8127-84e1d2fa16f8,Task 163,Description for Task 163,Others,Neutral,2025-04-01
76681699-03e1-425b-88ae-14425e5e0293,6.8,b497ac77-7c53-41e1-9033-8243987e81f3,Task 164,Description for Task 164,Section Drawing,Low,2025-04-28
1df4fdad-5c02-4f47-90b9-3da7d29ac666,8.88,4e6cdce6-dfd7-42ad-9cf4-c9503ea4e0a3,Task 165,Description for Task 165,Custom Millwork & Joinery Drawing,Neutral,2025-04-08
76681699-03e1-425b-88ae-14425e5e0293,4.35,4477ba89-4dcb-41a7-b33b-ea382dea68fd,Task 166,Description for Task 166,Construction Document,Neutral,2025-04-16
d8acee70-758c-4f39-a31c-e1298624df0e,8.78,fe3fd95f-3711-4b75-8091-3abfa030608a,Task 167,Description for Task 167,Door & Window Schedule,High,2025-03-31
dd801936-6a93-4a1a-9a5d-afc4b0e76d5d,1.8,f8b3b5f6-e93a-4be0-b9fb-84c7ea147e62,Task 168,Description for Task 168,Conceptual Design,High,2025-04-19
17d1a157-d5e2-43af-a5a3-b4773bc23232,9.15,267c8310-0975-44fd-8a3a-c66cdce73681,Task 169,Description for Task 169,Landscape Plan,Neutral,2025-04-27
065ed477-c89b-4ea5-ab30-51a10efcde24,9.71,f56f2d94-d275-414f-96de-110bff4fc551,Task 170,Description for Task 170,Hardscape Plan,Low,2025-03-31
76681699-03e1-425b-88ae-14425e5e0293,1.28,6cc7278b-5f80-4dbe-8ff2-bab1529d0f1f,Task 171,Description for Task 171,Permit Drawing,Low,2025-03-30
17d1a157-d5e2-43af-a5a3-b4773bc23232,3.55,9e99bf2b-a46e-45a9-a4c8-3a47ed333832,Task 172,Description for Task 172,Landscape Plan,High,2025-04-02
dd801936-6a93-4a1a-9a5d-afc4b0e76d5d,7.17,6513027a-bc12-43c1-9492-624beea73989,Task 173,Description for Task 173,General Specification,High,2025-04-06
f98f732c-ee70-4aed-b1a3-642cd4f9cf90,4.35,2c6c6162-1dc3-4ece-8dd4-e1021d9b01df,Task 174,Description for Task 174,Custom Millwork & Joinery Drawing,Neutral,2025-04-06
dae22ec9-edac-496f-b529-0ed81ebb7c9c,4.41,d54bb74f-6e45-4d1e-9ee0-3991c7864c90,Task 175,Description for Task 175,Technical Specification,Low,2025-04-22
17d1a157-d5e2-43af-a5a3-b4773bc23232,1.27,77418135-5318-4aed-932e-3b832b139528,Task 176,Description for Task 176,Interior Layout Plan,Low,2025-04-10
17d1a157-d5e2-43af-a5a3-b4773bc23232,6.52,8f4d0001-4a10-4f8d-91e6-6e6b7599aec5,Task 177,Description for Task 177,Material Board,Neutral,2025-04-09
76681699-03e1-425b-88ae-14425e5e0293,4.89,dd852edd-3491-4888-9daa-edf8b2da6bac,Task 178,Description for Task 178,Floor Plan,High,2025-04-12
7b9f74aa-1bee-494f-ac5c-f78457e52dfc,8.97,343e3dd7-46d5-4dac-bf8c-bbb8b7beb4ee,Task 179,Description for Task 179,Site Plan,High,2025-04-24
d8acee70-758c-4f39-a31c-e1298624df0e,4.31,0febfbcf-7466-430c-be33-cb24faeabbef,Task 180,Description for Task 180,Partition Plan,High,2025-04-28
7b9f74aa-1bee-494f-ac5c-f78457e52dfc,5.76,909335d7-8f1c-45e8-ab5f-da346698d552,Task 181,Description for Task 181,3D Render,Low,2025-04-09
f98f732c-ee70-4aed-b1a3-642cd4f9cf90,4.93,249f4b9a-62fc-4145-9265-cd2480d36ccf,Task 182,Description for Task 182,Hardscape Plan,High,2025-04-23
17d1a157-d5e2-43af-a5a3-b4773bc23232,1.96,8ce1c1a4-1038-4b81-bc30-6949855871b6,Task 183,Description for Task 183,Floor Plan,Neutral,2025-04-28
065ed477-c89b-4ea5-ab30-51a10efcde24,4.97,b47c9f7e-1a56-422c-b7ad-b565fdc32fa5,Task 184,Description for Task 184,Door & Window Schedule,Low,2025-04-17
d8acee70-758c-4f39-a31c-e1298624df0e,1.78,5e476ba8-10ed-45c9-a699-2c2bd5c4ad8b,Task 185,Description for Task 185,Reflected Ceiling Plan,High,2025-04-11
44743fb8-d3c8-440d-95ce-47dc59b534d0,4.9,a425ace7-ebb7-4742-a8ec-eedf9d136445,Task 186,Description for Task 186,Reflected Ceiling Plan,Neutral,2025-04-24
7b9f74aa-1bee-494f-ac5c-f78457e52dfc,7.49,d16016fb-9a59-4597-a70a-43a0d2bf7861,Task 187,Description for Task 187,Design Development,Low,2025-04-12
17d1a157-d5e2-43af-a5a3-b4773bc23232,5.02,78269670-68a7-4bb1-a8ee-c2b9390a69cc,Task 188,Description for Task 188,Roof Plan,Low,2025-03-30
7b9f74aa-1bee-494f-ac5c-f78457e52dfc,9.07,1b401434-b8a2-492b-b28c-ddda9f33386a,Task 189,Description for Task 189,Custom Millwork & Joinery Drawing,Low,2025-04-25
76681699-03e1-425b-88ae-14425e5e0293,2.94,e59d3632-8a71-4f2d-80f3-ffa3cce30c42,Task 190,Description for Task 190,General Specification,Neutral,2025-03-31
d8acee70-758c-4f39-a31c-e1298624df0e,7.99,f3341981-21e4-4ea4-89aa-9c6c840e828c,Task 191,Description for Task 191,Site Plan,High,2025-04-23
76681699-03e1-425b-88ae-14425e5e0293,5.31,262d11b2-e94a-474b-b6d1-553a160c487e,Task 192,Description for Task 192,Material Board,Neutral,2025-04-01
44743fb8-d3c8-440d-95ce-47dc59b534d0,8.92,8d32b6b3-b4ed-4cbe-ac17-74e91fba8be9,Task 193,Description for Task 193,General Specification,High,2025-04-15
d8acee70-758c-4f39-a31c-e1298624df0e,6.89,fce4e358-b1ee-4c2a-80f0-ee208d2676df,Task 194,Description for Task 194,Furniture Layout Plan,Neutral,2025-04-23
dae22ec9-edac-496f-b529-0ed81ebb7c9c,8.6,0ef3ee0f-b969-4efd-adb9-28f74cedf6cd,Task 195,Description for Task 195,Site Plan,Neutral,2025-04-01
7b9f74aa-1bee-494f-ac5c-f78457e52dfc,1.18,0a044336-c2df-4a6f-a77b-b2e5ebe43972,Task 196,Description for Task 196,Roof Plan,High,2025-04-25
dae22ec9-edac-496f-b529-0ed81ebb7c9c,1.9,20529b00-94f7-4862-a408-91e7ed8a0056,Task 197,Description for Task 197,Schematic Design,Neutral,2025-04-15
dd801936-6a93-4a1a-9a5d-afc4b0e76d5d,9.45,6dff3bd8-4a16-4139-9961-f3a76a13aa91,Task 198,Description for Task 198,Section Drawing,Low,2025-04-14
f98f732c-ee70-4aed-b1a3-642cd4f9cf90,4.6,f3fbeba7-1d2e-4a46-89e8-11cb8a03b1fd,Task 199,Description for Task 199,Hardscape Plan,Neutral,2025-04-09
1df4fdad-5c02-4f47-90b9-3da7d29ac666,7.68,75844a44-25e7-4beb-a1b7-77ac3d7f4c6f,Task 200,Description for Task 200,Site Plan,Low,2025-04-24
d8acee70-758c-4f39-a31c-e1298624df0e,5.12,89182d03-b993-4cd2-a046-72334270db78,Task 1,Description for Task 1,Furniture Layout Plan,Neutral,2025-03-31
d8acee70-758c-4f39-a31c-e1298624df0e,0.0,090ba070-3f00-4928-a7b5-cf93a8d8e296,Task 10,Description for Task 10,Door & Window Schedule,High,2025-04-26
