user_id,name,quality_score,task_id,title,description,type_of_task,priority_level,due_date
f0105b38-6d81-4f41-b710-f5608bf51dd9,User 8,0.75,4de2e757-39e6-4e8b-a751-bf3b657a2dcf,Lighting Plan Design,Create a lighting and fixture layout for the retail store.,Elevation Drawing,Low,2025-04-17
024df57e-e42f-4ee6-a1b8-ec83483e5eac,User 9,0.64,b0368281-956e-46c3-b275-950df239c477,Hardscape Design Execution,Design outdoor paving and seating areas for the commercial plaza.,Design Development,Low,2025-04-12
393c9685-138b-4e97-8b10-8faa1eb603f1,User 2,0.79,adae1c8f-4eae-4009-96fc-86dfd05bdb8a,Hardscape Design Execution,Design outdoor paving and seating areas for the commercial plaza.,Partition Plan,High,2025-04-08
33180913-798f-4cbb-b409-95a00edfe66a,User 7,0.81,b0e07c0c-2cfe-409c-9e26-eff4dda541d8,Render Finalization,Enhance the 3D renders for the commercial building's presentation.,Conceptual Design,Neutral,2025-04-15
9069f066-f062-482d-8cc8-e80c5c2c3610,User 6,0.87,85aa7b3c-802b-4563-850f-2b892509eb28,Render Finalization,Enhance the 3D renders for the commercial building's presentation.,Landscape Plan,High,2025-04-30
ac795678-f4a4-4ea2-a8fc-6c23f62f7645,User 1,0.78,3b43ada1-fa36-4b98-a64e-bfa0240c9227,Landscape Design Refinement,Enhance the planting layout for the residential garden.,Others,High,2025-04-28
ac795678-f4a4-4ea2-a8fc-6c23f62f7645,User 1,0.6,4b1d8ea0-51b0-4489-9504-43bc1aa0fc81,Custom Joinery Design,Develop detailed joinery drawings for the interior fit-out project.,General Specification,Neutral,2025-04-17
f0105b38-6d81-4f41-b710-f5608bf51dd9,User 8,0.99,88bfb47a-1cb8-4cae-a8c3-3a142f26effa,Render Finalization,Enhance the 3D renders for the commercial building's presentation.,Elevation Drawing,Low,2025-04-23
26ca226c-d424-4800-aba5-82e4feeb5441,User 4,0.75,e071897e-0df6-47d4-a35f-a102971be840,3D Model Development,Create a detailed 3D model for the client’s new residential project.,Furniture Layout Plan,Low,2025-04-09
eb00c2b8-6777-4b8c-b167-e9c2185ef93f,User 3,0.67,3bd9a0c5-1dde-4d2f-97f7-750d8be0568f,Permit Drawing Submission,Prepare and submit permit drawings for approval.,Hardscape Plan,Low,2025-05-04
26ca226c-d424-4800-aba5-82e4feeb5441,User 4,0.86,3d81f953-d148-4dc5-ac59-f38fc487448e,Conceptual Design Drafting,Prepare an initial concept sketch for the urban park renovation.,Material Board,High,2025-04-14
024df57e-e42f-4ee6-a1b8-ec83483e5eac,User 9,0.6,b3245353-e227-4102-b5f8-7066811646ea,Permit Drawing Submission,Prepare and submit permit drawings for approval.,3D Model,High,2025-04-30
f0105b38-6d81-4f41-b710-f5608bf51dd9,User 8,0.61,61c6e534-cb5c-496e-be9f-b68d250d1e5c,Lighting Plan Design,Create a lighting and fixture layout for the retail store.,Section Drawing,Neutral,2025-04-12
27bec55e-e875-486d-a466-4c7b5cedb55b,User 5,0.79,2a6c3b4b-d904-4f40-a28d-3e76300c6cf2,Lighting Plan Design,Create a lighting and fixture layout for the retail store.,Door & Window Schedule,High,2025-04-11
9069f066-f062-482d-8cc8-e80c5c2c3610,User 6,0.91,d3da5064-b0f5-4137-8fc8-8653f1ce28fb,Conceptual Design Drafting,Prepare an initial concept sketch for the urban park renovation.,Lighting & Fixture Plan,Low,2025-04-10
393c9685-138b-4e97-8b10-8faa1eb603f1,User 2,0.84,96b7a898-a3de-4b27-bee7-891c6cfa023f,Facade Elevation Detailing,Finalize the detailed elevation drawings for the high-rise building.,Section Drawing,High,2025-05-03
393c9685-138b-4e97-8b10-8faa1eb603f1,User 2,0.69,0aba8ebd-7787-4ad9-b269-62ab30824b1f,Site Plan Drafting,Prepare a site plan layout considering zoning and access.,Site Plan,High,2025-04-22
9069f066-f062-482d-8cc8-e80c5c2c3610,User 6,0.63,4185a513-dfb8-4a5c-b225-a7248e2796c8,Facade Elevation Detailing,Finalize the detailed elevation drawings for the high-rise building.,Floor Plan,Neutral,2025-04-13
8491fd1f-ea28-4ef5-b99b-9773d7531f39,User 10,0.64,794ce043-2a91-4442-bbe0-23c6ade64ff7,Landscape Design Refinement,Enhance the planting layout for the residential garden.,3D Render,High,2025-04-16
ac795678-f4a4-4ea2-a8fc-6c23f62f7645,User 1,0.84,c78699ce-9b50-4d20-a983-5b89f489a4ac,Custom Joinery Design,Develop detailed joinery drawings for the interior fit-out project.,Roof Plan,Low,2025-05-03
024df57e-e42f-4ee6-a1b8-ec83483e5eac,User 9,0.65,f03647ca-3953-4cbf-9c3f-6ffec33875bf,Lighting Plan Design,Create a lighting and fixture layout for the retail store.,Landscape Plan,Low,2025-05-02
ac795678-f4a4-4ea2-a8fc-6c23f62f7645,User 1,0.97,66c5d0c3-0f21-4692-84ef-68147a764fff,Material Selection & Specification,Curate materials and finishes for the sustainable home project.,Section Drawing,Neutral,2025-04-15
f0105b38-6d81-4f41-b710-f5608bf51dd9,User 8,0.83,0a27e146-21d7-4340-b9b9-0d40bb76c201,Site Plan Drafting,Prepare a site plan layout considering zoning and access.,Roof Plan,High,2025-04-14
ac795678-f4a4-4ea2-a8fc-6c23f62f7645,User 1,0.62,8df62491-d5e7-43e9-8292-1bc79b9c892f,Site Plan Drafting,Prepare a site plan layout considering zoning and access.,Floor Plan,Low,2025-05-05
8491fd1f-ea28-4ef5-b99b-9773d7531f39,User 10,0.63,f8e75264-e819-4a54-8bce-1aa4a30f6e1d,Structural Coordination,Coordinate with the structural engineer for beam placements.,Design Development,Low,2025-04-26
9069f066-f062-482d-8cc8-e80c5c2c3610,User 6,0.65,03411633-0c8a-4348-abfb-2a95af1d949f,Hardscape Design Execution,Design outdoor paving and seating areas for the commercial plaza.,Permit Drawing,High,2025-04-21
27bec55e-e875-486d-a466-4c7b5cedb55b,User 5,0.79,72e912be-f76d-4617-9412-f769302fa804,Render Finalization,Enhance the 3D renders for the commercial building's presentation.,Section Drawing,High,2025-04-11
8491fd1f-ea28-4ef5-b99b-9773d7531f39,User 10,0.76,2444070e-607b-4894-ba39-3ed5e0d36b12,Facade Elevation Detailing,Finalize the detailed elevation drawings for the high-rise building.,3D Render,High,2025-04-25
eb00c2b8-6777-4b8c-b167-e9c2185ef93f,User 3,0.87,4de7b72f-4d37-491c-a7b0-1bfd9b3ec16a,Conceptual Design Drafting,Prepare an initial concept sketch for the urban park renovation.,Conceptual Design,Low,2025-04-27
f0105b38-6d81-4f41-b710-f5608bf51dd9,User 8,0.79,18e89b67-b269-4037-8207-9c3b71177a7f,Lighting Plan Design,Create a lighting and fixture layout for the retail store.,Door & Window Schedule,High,2025-05-01
eb00c2b8-6777-4b8c-b167-e9c2185ef93f,User 3,0.96,76beb5fe-1baf-4ae5-9b82-9843100cd31a,Site Plan Drafting,Prepare a site plan layout considering zoning and access.,Permit Drawing,High,2025-04-15
ac795678-f4a4-4ea2-a8fc-6c23f62f7645,User 1,0.93,a5327e8b-402d-4529-bac0-a97dc3a10978,Custom Joinery Design,Develop detailed joinery drawings for the interior fit-out project.,Finish Schedule,High,2025-04-17
393c9685-138b-4e97-8b10-8faa1eb603f1,User 2,0.61,52672a0f-c1c2-457d-8d5b-35f5a91aaff1,Custom Joinery Design,Develop detailed joinery drawings for the interior fit-out project.,Section Drawing,High,2025-04-24
26ca226c-d424-4800-aba5-82e4feeb5441,User 4,0.8,627bc6da-94ea-4f96-b554-1be68705df1a,Custom Joinery Design,Develop detailed joinery drawings for the interior fit-out project.,Design Development,Neutral,2025-04-14
393c9685-138b-4e97-8b10-8faa1eb603f1,User 2,0.64,e8de1236-d23d-499f-a259-b85a540179b0,Landscape Design Refinement,Enhance the planting layout for the residential garden.,Technical Specification,High,2025-04-07
8491fd1f-ea28-4ef5-b99b-9773d7531f39,User 10,0.77,4a61eeee-92d6-4f0f-84e6-453e9f1c2a38,Conceptual Design Drafting,Prepare an initial concept sketch for the urban park renovation.,Roof Plan,Neutral,2025-04-15
024df57e-e42f-4ee6-a1b8-ec83483e5eac,User 9,0.66,b72f78bd-76ce-450b-b28f-6eefce68373c,Landscape Design Refinement,Enhance the planting layout for the residential garden.,Furniture Layout Plan,Neutral,2025-04-10
393c9685-138b-4e97-8b10-8faa1eb603f1,User 2,0.75,42b20f3d-2543-4f89-9888-94b00c4affd1,Structural Coordination,Coordinate with the structural engineer for beam placements.,Reflected Ceiling Plan,Neutral,2025-04-09
26ca226c-d424-4800-aba5-82e4feeb5441,User 4,0.88,8d35a4cd-2a41-49a7-8d96-b600b4e0f941,Interior Layout Planning,Optimize space planning for the luxury apartment interior.,Construction Document,Neutral,2025-04-17
33180913-798f-4cbb-b409-95a00edfe66a,User 7,0.61,f35dcd3e-24cd-4e02-9dfa-14ae51a4b8ee,Landscape Design Refinement,Enhance the planting layout for the residential garden.,Elevation Drawing,Low,2025-04-13
27bec55e-e875-486d-a466-4c7b5cedb55b,User 5,0.67,1074c7ce-4ebc-446b-b31a-4e344bc66f78,Landscape Design Refinement,Enhance the planting layout for the residential garden.,Door & Window Schedule,Low,2025-05-04
eb00c2b8-6777-4b8c-b167-e9c2185ef93f,User 3,0.77,690f96ca-92ab-43e0-88ed-49bebcf83f72,Render Finalization,Enhance the 3D renders for the commercial building's presentation.,Floor Plan,Neutral,2025-05-05
33180913-798f-4cbb-b409-95a00edfe66a,User 7,0.78,3454bb8b-d294-4d62-9689-03f25d9bff8e,Permit Drawing Submission,Prepare and submit permit drawings for approval.,3D Model,Neutral,2025-05-04
9069f066-f062-482d-8cc8-e80c5c2c3610,User 6,0.91,16e871fe-02e1-443a-80c5-8221f4ec2a72,Material Selection & Specification,Curate materials and finishes for the sustainable home project.,Custom Millwork & Joinery Drawing,Neutral,2025-04-17
27bec55e-e875-486d-a466-4c7b5cedb55b,User 5,0.69,55672da5-30c7-4b80-802f-b8077b7f01d1,Lighting Plan Design,Create a lighting and fixture layout for the retail store.,Roof Plan,Neutral,2025-04-24
26ca226c-d424-4800-aba5-82e4feeb5441,User 4,0.79,c3a7fe32-5d8c-4bad-b7c2-589d17276aa2,Interior Layout Planning,Optimize space planning for the luxury apartment interior.,Section Drawing,High,2025-04-21
393c9685-138b-4e97-8b10-8faa1eb603f1,User 2,0.85,cc4d554b-9e43-449e-9e37-15401e3e825f,Interior Layout Planning,Optimize space planning for the luxury apartment interior.,Others,Neutral,2025-04-13
024df57e-e42f-4ee6-a1b8-ec83483e5eac,User 9,0.65,18ef6c5e-6664-4c03-9834-d400de6ca80d,Construction Documentation,Compile detailed construction drawings for city permit approval.,Partition Plan,Low,2025-04-12
9069f066-f062-482d-8cc8-e80c5c2c3610,User 6,0.72,60252c5c-0578-4c62-bcdb-bb3b0ec30783,Material Selection & Specification,Curate materials and finishes for the sustainable home project.,Door & Window Schedule,Low,2025-04-14
eb00c2b8-6777-4b8c-b167-e9c2185ef93f,User 3,0.89,65a11c82-ddfb-413b-8617-1a81b20ab817,Technical Specifications,Compile technical specifications for the construction phase.,Design Development,Low,2025-04-17
9069f066-f062-482d-8cc8-e80c5c2c3610,User 6,0.9,f84c946f-3093-4ff3-ae81-7a059f4c7b21,Permit Drawing Submission,Prepare and submit permit drawings for approval.,Site Plan,Neutral,2025-04-17
024df57e-e42f-4ee6-a1b8-ec83483e5eac,User 9,0.88,49e8d6af-d4ae-42c4-9315-acf359b60c9c,Custom Joinery Design,Develop detailed joinery drawings for the interior fit-out project.,3D Render,Low,2025-04-21
ac795678-f4a4-4ea2-a8fc-6c23f62f7645,User 1,0.93,e2698112-cb7a-43a8-9121-4c532cf4f458,Render Finalization,Enhance the 3D renders for the commercial building's presentation.,Hardscape Plan,Low,2025-04-15
393c9685-138b-4e97-8b10-8faa1eb603f1,User 2,0.79,1cc84506-5e7b-4e3b-aa9c-e5f52b863b1d,Hardscape Design Execution,Design outdoor paving and seating areas for the commercial plaza.,Interior Layout Plan,Neutral,2025-05-05
f0105b38-6d81-4f41-b710-f5608bf51dd9,User 8,0.79,4347739a-2c45-44b1-88f5-3e010f25ef83,Conceptual Design Drafting,Prepare an initial concept sketch for the urban park renovation.,Construction Document,Low,2025-04-13
8491fd1f-ea28-4ef5-b99b-9773d7531f39,User 10,0.82,2bce5a5e-b763-4400-9808-22f92d48c054,Lighting Plan Design,Create a lighting and fixture layout for the retail store.,Material Board,High,2025-05-01
26ca226c-d424-4800-aba5-82e4feeb5441,User 4,0.97,e2eaf5d6-baca-4896-a077-33f8a08f1f11,Permit Drawing Submission,Prepare and submit permit drawings for approval.,Technical Specification,Neutral,2025-04-24
ac795678-f4a4-4ea2-a8fc-6c23f62f7645,User 1,0.78,0c63e2e3-4507-4561-bace-6bb19c90fda6,Lighting Plan Design,Create a lighting and fixture layout for the retail store.,Permit Drawing,Neutral,2025-04-09
33180913-798f-4cbb-b409-95a00edfe66a,User 7,0.62,acf2c8d0-5625-4839-b8de-3dade0d9ad5a,Technical Specifications,Compile technical specifications for the construction phase.,Roof Plan,Neutral,2025-04-15
9069f066-f062-482d-8cc8-e80c5c2c3610,User 6,0.81,ad9d803e-2273-4ddd-b075-ea881ee7f27b,Custom Joinery Design,Develop detailed joinery drawings for the interior fit-out project.,Floor Plan,High,2025-04-06
8491fd1f-ea28-4ef5-b99b-9773d7531f39,User 10,0.92,4fe65d61-1dbc-42ce-96dc-26460171e472,Render Finalization,Enhance the 3D renders for the commercial building's presentation.,3D Render,High,2025-04-25
024df57e-e42f-4ee6-a1b8-ec83483e5eac,User 9,0.82,40d936a9-7ce1-434b-9e49-d8a29fa35a6c,Structural Coordination,Coordinate with the structural engineer for beam placements.,Design Development,High,2025-04-26
8491fd1f-ea28-4ef5-b99b-9773d7531f39,User 10,0.66,2cb82ddb-5b2c-40f5-856c-916949decf2d,Site Plan Drafting,Prepare a site plan layout considering zoning and access.,Elevation Drawing,High,2025-05-05
9069f066-f062-482d-8cc8-e80c5c2c3610,User 6,0.6,37069b4c-820b-4734-bba4-1622007a62b0,Construction Documentation,Compile detailed construction drawings for city permit approval.,Virtual Reality,High,2025-04-14
26ca226c-d424-4800-aba5-82e4feeb5441,User 4,0.7,83a03311-5c02-4411-8bf7-447201a8b096,3D Model Development,Create a detailed 3D model for the client’s new residential project.,Elevation Drawing,Low,2025-04-19
ac795678-f4a4-4ea2-a8fc-6c23f62f7645,User 1,0.88,804be8a9-2baf-4a84-b09d-4e57fc1a1601,Interior Layout Planning,Optimize space planning for the luxury apartment interior.,Permit Drawing,High,2025-04-13
f0105b38-6d81-4f41-b710-f5608bf51dd9,User 8,0.81,e9afb8a7-8256-483e-a54a-33b3568691fa,Material Selection & Specification,Curate materials and finishes for the sustainable home project.,Material Board,Neutral,2025-05-05
27bec55e-e875-486d-a466-4c7b5cedb55b,User 5,0.96,938f6127-92a5-41fa-a9d6-0c077678c5e8,Site Plan Drafting,Prepare a site plan layout considering zoning and access.,Hardscape Plan,Neutral,2025-04-17
393c9685-138b-4e97-8b10-8faa1eb603f1,User 2,0.94,59d7e4bf-0b82-4ca5-af76-4dbc642ba2db,Landscape Design Refinement,Enhance the planting layout for the residential garden.,Site Plan,High,2025-05-01
024df57e-e42f-4ee6-a1b8-ec83483e5eac,User 9,0.86,bdc96276-1873-4aea-8a15-54d4fb440ccf,Construction Documentation,Compile detailed construction drawings for city permit approval.,Construction Document,Neutral,2025-05-05
024df57e-e42f-4ee6-a1b8-ec83483e5eac,User 9,0.78,0b8e8b7a-7bd7-4133-968a-67a494b818a4,Material Selection & Specification,Curate materials and finishes for the sustainable home project.,Roof Plan,Low,2025-04-14
26ca226c-d424-4800-aba5-82e4feeb5441,User 4,0.73,fe7748f8-eb0a-4e32-83ec-f695a84cbfcd,Lighting Plan Design,Create a lighting and fixture layout for the retail store.,Technical Specification,Low,2025-04-08
8491fd1f-ea28-4ef5-b99b-9773d7531f39,User 10,0.67,b695f00a-2826-4acf-9d6f-28fa9615a504,Structural Coordination,Coordinate with the structural engineer for beam placements.,Roof Plan,Low,2025-04-26
9069f066-f062-482d-8cc8-e80c5c2c3610,User 6,0.99,181de37d-9d9f-4e88-b2db-ae7728192fa5,Facade Elevation Detailing,Finalize the detailed elevation drawings for the high-rise building.,General Specification,Low,2025-04-06
393c9685-138b-4e97-8b10-8faa1eb603f1,User 2,0.64,1b6cad4f-e6e4-4327-a332-1c9c1dfe19c7,Permit Drawing Submission,Prepare and submit permit drawings for approval.,Hardscape Plan,Low,2025-04-27
024df57e-e42f-4ee6-a1b8-ec83483e5eac,User 9,0.99,6f2a2647-24d5-4231-bea5-4a4c8ae06fe6,Render Finalization,Enhance the 3D renders for the commercial building's presentation.,Zoning & Building Code Compliance,High,2025-04-29
33180913-798f-4cbb-b409-95a00edfe66a,User 7,0.71,86fcb46f-14d9-4a79-8320-5d71ea06b0d9,Custom Joinery Design,Develop detailed joinery drawings for the interior fit-out project.,Floor Plan,Neutral,2025-04-20
f0105b38-6d81-4f41-b710-f5608bf51dd9,User 8,0.95,a3a48e6f-91d6-47f5-94fd-cc445043010c,Structural Coordination,Coordinate with the structural engineer for beam placements.,Custom Millwork & Joinery Drawing,Neutral,2025-04-14
024df57e-e42f-4ee6-a1b8-ec83483e5eac,User 9,0.71,554d84f8-2afc-4c68-9f49-c67044fc9fab,Facade Elevation Detailing,Finalize the detailed elevation drawings for the high-rise building.,Interior Layout Plan,High,2025-04-08
eb00c2b8-6777-4b8c-b167-e9c2185ef93f,User 3,0.98,0a65b0a7-fedc-4449-b172-605f320968ba,Landscape Design Refinement,Enhance the planting layout for the residential garden.,Lighting & Fixture Plan,Neutral,2025-04-13
26ca226c-d424-4800-aba5-82e4feeb5441,User 4,0.87,c28f5549-2a4b-45d3-af03-d34ce2e80373,Landscape Design Refinement,Enhance the planting layout for the residential garden.,Landscape Plan,Low,2025-04-15
8491fd1f-ea28-4ef5-b99b-9773d7531f39,User 10,0.65,df2b7391-7094-4211-b35f-6ddd376126c5,Construction Documentation,Compile detailed construction drawings for city permit approval.,Hardscape Plan,Low,2025-05-01
26ca226c-d424-4800-aba5-82e4feeb5441,User 4,0.89,6a3114f2-aec2-46e2-9845-7eae31e87397,Interior Layout Planning,Optimize space planning for the luxury apartment interior.,Hardscape Plan,Low,2025-04-07
8491fd1f-ea28-4ef5-b99b-9773d7531f39,User 10,0.73,1196bbb9-57d6-474d-85b3-74f9850957f2,Hardscape Design Execution,Design outdoor paving and seating areas for the commercial plaza.,Conceptual Design,Low,2025-04-29
26ca226c-d424-4800-aba5-82e4feeb5441,User 4,0.74,a4eb3d62-d8f3-4ee9-b426-b3ed222442a2,Permit Drawing Submission,Prepare and submit permit drawings for approval.,Hardscape Plan,Neutral,2025-05-02
27bec55e-e875-486d-a466-4c7b5cedb55b,User 5,0.93,7814d31a-23a0-4f23-b757-46c8a7f30766,Site Plan Drafting,Prepare a site plan layout considering zoning and access.,Technical Specification,High,2025-04-06
8491fd1f-ea28-4ef5-b99b-9773d7531f39,User 10,0.66,af7147e9-22aa-4ac3-853d-b21a1cd305f1,Site Plan Drafting,Prepare a site plan layout considering zoning and access.,Section Drawing,High,2025-04-10
26ca226c-d424-4800-aba5-82e4feeb5441,User 4,0.74,09943681-3015-4510-86b1-0864a29b6e95,Facade Elevation Detailing,Finalize the detailed elevation drawings for the high-rise building.,Interior Layout Plan,Low,2025-04-25
27bec55e-e875-486d-a466-4c7b5cedb55b,User 5,0.81,95e639ef-1fca-4a8c-9ebb-f47ec1e4b732,Custom Joinery Design,Develop detailed joinery drawings for the interior fit-out project.,Design Development,Low,2025-04-20
26ca226c-d424-4800-aba5-82e4feeb5441,User 4,0.66,639a4e06-1416-4b25-923c-98b2bb269c7e,Construction Documentation,Compile detailed construction drawings for city permit approval.,Custom Millwork & Joinery Drawing,Low,2025-04-11
26ca226c-d424-4800-aba5-82e4feeb5441,User 4,0.61,774b0997-7d95-47f6-a4fc-d5ef6958601d,Landscape Design Refinement,Enhance the planting layout for the residential garden.,Lighting & Fixture Plan,Low,2025-04-10
33180913-798f-4cbb-b409-95a00edfe66a,User 7,0.87,a6ec6ada-969d-4a00-9ad6-654c155f6f31,Construction Documentation,Compile detailed construction drawings for city permit approval.,Floor Plan,High,2025-05-02
024df57e-e42f-4ee6-a1b8-ec83483e5eac,User 9,0.9,3a657e53-438f-4d9d-9d42-06650d19c059,Conceptual Design Drafting,Prepare an initial concept sketch for the urban park renovation.,3D Render,Neutral,2025-04-13
26ca226c-d424-4800-aba5-82e4feeb5441,User 4,0.71,78464caa-d545-4d92-838f-a7249150983e,Hardscape Design Execution,Design outdoor paving and seating areas for the commercial plaza.,Custom Millwork & Joinery Drawing,High,2025-04-12
26ca226c-d424-4800-aba5-82e4feeb5441,User 4,0.84,bd66783e-06be-498c-803c-e4054642cf8a,Construction Documentation,Compile detailed construction drawings for city permit approval.,Landscape Plan,Low,2025-04-12
eb00c2b8-6777-4b8c-b167-e9c2185ef93f,User 3,0.94,a0dece88-2aa9-4395-a479-d04767c9a892,Facade Elevation Detailing,Finalize the detailed elevation drawings for the high-rise building.,Reflected Ceiling Plan,Low,2025-04-12
393c9685-138b-4e97-8b10-8faa1eb603f1,User 2,0.63,a69f817a-469c-4eae-8b7c-77922f6086d4,Custom Joinery Design,Develop detailed joinery drawings for the interior fit-out project.,3D Model,Neutral,2025-04-09
eb00c2b8-6777-4b8c-b167-e9c2185ef93f,User 3,0.66,e962f1ea-12e1-4975-8106-bc4b5db9ca87,Render Finalization,Enhance the 3D renders for the commercial building's presentation.,Floor Plan,High,2025-04-08
27bec55e-e875-486d-a466-4c7b5cedb55b,User 5,0.79,6e26c315-04d7-4569-b30a-336a555d4c4a,3D Model Development,Create a detailed 3D model for the client’s new residential project.,Design Development,High,2025-04-10
26ca226c-d424-4800-aba5-82e4feeb5441,User 4,0.62,4f63f6d8-2fb4-436e-a09d-6f33512cb3e2,Hardscape Design Execution,Design outdoor paving and seating areas for the commercial plaza.,Permit Drawing,High,2025-05-04
9069f066-f062-482d-8cc8-e80c5c2c3610,User 6,0.77,d47f4207-c760-44d9-9486-b7b43a5a8a8e,Construction Documentation,Compile detailed construction drawings for city permit approval.,Hardscape Plan,High,2025-04-08
ac795678-f4a4-4ea2-a8fc-6c23f62f7645,User 1,0.85,05a71d0e-1368-4df6-b9fe-e0197dadee8e,Landscape Design Refinement,Enhance the planting layout for the residential garden.,Schematic Design,High,2025-04-14
33180913-798f-4cbb-b409-95a00edfe66a,User 7,0.8,38aecaff-cac8-4f29-b323-c8faf4985735,Material Selection & Specification,Curate materials and finishes for the sustainable home project.,Design Development,Neutral,2025-05-01
8491fd1f-ea28-4ef5-b99b-9773d7531f39,User 10,0.89,466d1212-e3d5-4c4e-a5cf-195f386aea8e,Interior Layout Planning,Optimize space planning for the luxury apartment interior.,Permit Drawing,Low,2025-04-10
27bec55e-e875-486d-a466-4c7b5cedb55b,User 5,0.65,5f229706-b94a-4bd1-a8f9-e4652064ed34,3D Model Development,Create a detailed 3D model for the client’s new residential project.,Lighting & Fixture Plan,Neutral,2025-04-07
27bec55e-e875-486d-a466-4c7b5cedb55b,User 5,0.76,e3d2e00e-9a5b-4a3b-b7cb-640315232ad4,Interior Layout Planning,Optimize space planning for the luxury apartment interior.,Finish Schedule,High,2025-04-13
393c9685-138b-4e97-8b10-8faa1eb603f1,User 2,0.84,b7cfa6a8-7b9c-4a7d-8f0d-dd61e24abe31,Lighting Plan Design,Create a lighting and fixture layout for the retail store.,Furniture Layout Plan,High,2025-04-10
eb00c2b8-6777-4b8c-b167-e9c2185ef93f,User 3,0.63,a91e4fc1-323b-41e1-b5a1-661203c4122c,Interior Layout Planning,Optimize space planning for the luxury apartment interior.,Floor Plan,Low,2025-04-08
26ca226c-d424-4800-aba5-82e4feeb5441,User 4,0.82,67af6960-7b8b-418c-9634-f59f81ddbaa0,Hardscape Design Execution,Design outdoor paving and seating areas for the commercial plaza.,Door & Window Schedule,Neutral,2025-04-13
eb00c2b8-6777-4b8c-b167-e9c2185ef93f,User 3,0.9,98c54009-292c-4a49-933d-33ebc97e3670,Construction Documentation,Compile detailed construction drawings for city permit approval.,Finish Schedule,High,2025-05-01
33180913-798f-4cbb-b409-95a00edfe66a,User 7,0.71,a5881399-3103-4ac1-a8ed-bbb0401ae642,Custom Joinery Design,Develop detailed joinery drawings for the interior fit-out project.,Partition Plan,Low,2025-04-21
9069f066-f062-482d-8cc8-e80c5c2c3610,User 6,0.82,3bbc946b-9f16-4d5e-88b8-45b48007f065,3D Model Development,Create a detailed 3D model for the client’s new residential project.,Finish Schedule,Low,2025-04-23
f0105b38-6d81-4f41-b710-f5608bf51dd9,User 8,0.61,e5491f0a-e7a3-4407-a712-c8c622db1fdd,Hardscape Design Execution,Design outdoor paving and seating areas for the commercial plaza.,Partition Plan,Neutral,2025-04-19
27bec55e-e875-486d-a466-4c7b5cedb55b,User 5,0.77,3dc92011-8d7c-41ba-9bc3-92530ff3cd0f,Landscape Design Refinement,Enhance the planting layout for the residential garden.,Roof Plan,High,2025-04-10
8491fd1f-ea28-4ef5-b99b-9773d7531f39,User 10,0.8,3267c6dd-8cee-49ae-8dff-9c6d0895b345,Technical Specifications,Compile technical specifications for the construction phase.,Partition Plan,High,2025-04-13
9069f066-f062-482d-8cc8-e80c5c2c3610,User 6,0.9,9bfba69c-ebaa-46e2-8381-5efd24248418,Landscape Design Refinement,Enhance the planting layout for the residential garden.,Floor Plan,High,2025-04-17
27bec55e-e875-486d-a466-4c7b5cedb55b,User 5,0.63,3d4645a3-13a9-4af5-8bee-293ddb90d0eb,Site Plan Drafting,Prepare a site plan layout considering zoning and access.,Permit Drawing,Low,2025-04-10
eb00c2b8-6777-4b8c-b167-e9c2185ef93f,User 3,0.63,7d2586f8-0fd3-49f4-bbf9-6f99ec69c6ea,Lighting Plan Design,Create a lighting and fixture layout for the retail store.,Elevation Drawing,High,2025-04-08
ac795678-f4a4-4ea2-a8fc-6c23f62f7645,User 1,0.81,d81d4bb9-408a-4b06-958b-a615175bde8c,Permit Drawing Submission,Prepare and submit permit drawings for approval.,General Specification,High,2025-04-17
393c9685-138b-4e97-8b10-8faa1eb603f1,User 2,0.98,6f37f247-d716-4df0-839f-397051793d79,Site Plan Drafting,Prepare a site plan layout considering zoning and access.,Landscape Plan,Neutral,2025-04-28
eb00c2b8-6777-4b8c-b167-e9c2185ef93f,User 3,0.64,526bcc7e-9aa0-4137-94dd-add40aae952c,3D Model Development,Create a detailed 3D model for the client’s new residential project.,Schematic Design,High,2025-04-14
9069f066-f062-482d-8cc8-e80c5c2c3610,User 6,0.6,edc54a5c-4893-445b-aa6d-9e60a1804058,Interior Layout Planning,Optimize space planning for the luxury apartment interior.,Zoning & Building Code Compliance,Low,2025-04-27
33180913-798f-4cbb-b409-95a00edfe66a,User 7,0.82,c5c60480-6cd2-42d5-aa62-751ead3b9f51,Structural Coordination,Coordinate with the structural engineer for beam placements.,Others,Low,2025-05-03
393c9685-138b-4e97-8b10-8faa1eb603f1,User 2,0.84,b6c2a3d8-e7c6-4bb3-857b-e9e08aa0c993,Permit Drawing Submission,Prepare and submit permit drawings for approval.,Furniture Layout Plan,Neutral,2025-05-03
33180913-798f-4cbb-b409-95a00edfe66a,User 7,0.66,ee5f6474-ec80-4cdf-bd82-1f4e791fbe6d,Facade Elevation Detailing,Finalize the detailed elevation drawings for the high-rise building.,Site Plan,Low,2025-04-25
eb00c2b8-6777-4b8c-b167-e9c2185ef93f,User 3,0.62,c7e743ba-6be4-4122-831e-61ef76747b78,Site Plan Drafting,Prepare a site plan layout considering zoning and access.,Conceptual Design,Neutral,2025-04-25
26ca226c-d424-4800-aba5-82e4feeb5441,User 4,0.85,0666c300-17f4-45e1-be21-c7babb01fdff,Material Selection & Specification,Curate materials and finishes for the sustainable home project.,Floor Plan,High,2025-04-13
33180913-798f-4cbb-b409-95a00edfe66a,User 7,0.62,13477b6f-2035-4673-b117-e48aa65bcee6,Permit Drawing Submission,Prepare and submit permit drawings for approval.,Permit Drawing,High,2025-04-29
eb00c2b8-6777-4b8c-b167-e9c2185ef93f,User 3,0.95,d50991a4-73f9-4a42-88a8-c45609a32ea6,Hardscape Design Execution,Design outdoor paving and seating areas for the commercial plaza.,Custom Millwork & Joinery Drawing,Low,2025-05-03
024df57e-e42f-4ee6-a1b8-ec83483e5eac,User 9,0.74,3bb5b212-37d8-4d39-ae44-e35432fd1bfe,Render Finalization,Enhance the 3D renders for the commercial building's presentation.,3D Model,Low,2025-04-19
9069f066-f062-482d-8cc8-e80c5c2c3610,User 6,0.65,db4a20b1-2183-4728-84ab-cfa365ca91a5,Hardscape Design Execution,Design outdoor paving and seating areas for the commercial plaza.,Furniture Layout Plan,Low,2025-04-28
ac795678-f4a4-4ea2-a8fc-6c23f62f7645,User 1,0.72,39d30279-7c63-4061-83a8-2f032650853e,Site Plan Drafting,Prepare a site plan layout considering zoning and access.,Technical Specification,Neutral,2025-05-04
f0105b38-6d81-4f41-b710-f5608bf51dd9,User 8,0.78,ec5e99b6-50b3-4896-8f8a-dabf1630d066,Render Finalization,Enhance the 3D renders for the commercial building's presentation.,Design Development,Low,2025-04-28
33180913-798f-4cbb-b409-95a00edfe66a,User 7,0.92,6d5a776d-7efb-4e2c-a9ad-020927c2a866,Lighting Plan Design,Create a lighting and fixture layout for the retail store.,Construction Document,Low,2025-04-23
f0105b38-6d81-4f41-b710-f5608bf51dd9,User 8,0.65,800739a6-15fa-4c43-8da7-5d3b8793b937,3D Model Development,Create a detailed 3D model for the client’s new residential project.,Schematic Design,High,2025-04-16
33180913-798f-4cbb-b409-95a00edfe66a,User 7,0.87,316bb52c-2074-4de2-ad5b-34a41ef804c2,Site Plan Drafting,Prepare a site plan layout considering zoning and access.,Floor Plan,High,2025-05-03
33180913-798f-4cbb-b409-95a00edfe66a,User 7,0.85,ed1b6471-b111-4298-b77a-0ae91017d117,Lighting Plan Design,Create a lighting and fixture layout for the retail store.,Zoning & Building Code Compliance,Neutral,2025-04-09
024df57e-e42f-4ee6-a1b8-ec83483e5eac,User 9,0.61,db828b79-7c21-4448-bcfd-156230718b4e,Technical Specifications,Compile technical specifications for the construction phase.,Construction Document,Low,2025-04-11
393c9685-138b-4e97-8b10-8faa1eb603f1,User 2,0.72,0263f222-f6f9-4b97-84df-acdb23519efd,Structural Coordination,Coordinate with the structural engineer for beam placements.,Partition Plan,Low,2025-04-29
8491fd1f-ea28-4ef5-b99b-9773d7531f39,User 10,0.93,8d76a068-3f5f-4e89-857e-1b4f5e3fd410,3D Model Development,Create a detailed 3D model for the client’s new residential project.,Door & Window Schedule,High,2025-04-14
27bec55e-e875-486d-a466-4c7b5cedb55b,User 5,0.77,a5d147d0-2ce6-4183-ae61-73ed1a39911d,Lighting Plan Design,Create a lighting and fixture layout for the retail store.,Site Plan,High,2025-04-25
024df57e-e42f-4ee6-a1b8-ec83483e5eac,User 9,0.73,c7f2021e-f05c-4796-9ddc-c6a9f89f1439,Material Selection & Specification,Curate materials and finishes for the sustainable home project.,Technical Specification,Low,2025-04-09
393c9685-138b-4e97-8b10-8faa1eb603f1,User 2,0.7,53cca84e-6602-4f2a-a16b-416b26b0f12f,Custom Joinery Design,Develop detailed joinery drawings for the interior fit-out project.,Interior Layout Plan,Neutral,2025-05-02
393c9685-138b-4e97-8b10-8faa1eb603f1,User 2,0.63,9c89a0dd-ad32-4fbf-bfa2-129deab9c1da,Technical Specifications,Compile technical specifications for the construction phase.,3D Model,Low,2025-04-23
8491fd1f-ea28-4ef5-b99b-9773d7531f39,User 10,0.75,2599ea48-c4fb-4aae-a5eb-d9aca33c13e8,Site Plan Drafting,Prepare a site plan layout considering zoning and access.,Material Board,Neutral,2025-04-07
eb00c2b8-6777-4b8c-b167-e9c2185ef93f,User 3,0.94,2d819986-6e94-4337-8134-7b16c7e61c3a,Technical Specifications,Compile technical specifications for the construction phase.,Reflected Ceiling Plan,High,2025-04-09
ac795678-f4a4-4ea2-a8fc-6c23f62f7645,User 1,0.61,8d19a1d5-291d-4d5c-913d-80626d02e4db,Facade Elevation Detailing,Finalize the detailed elevation drawings for the high-rise building.,Others,High,2025-04-07
9069f066-f062-482d-8cc8-e80c5c2c3610,User 6,0.76,732b0e0b-1541-4389-8b27-95b3b598a9d9,Conceptual Design Drafting,Prepare an initial concept sketch for the urban park renovation.,Custom Millwork & Joinery Drawing,Neutral,2025-04-19
9069f066-f062-482d-8cc8-e80c5c2c3610,User 6,0.86,48bf43f6-374a-4caf-8d17-70a86e7b8bfd,Lighting Plan Design,Create a lighting and fixture layout for the retail store.,3D Model,High,2025-04-18
8491fd1f-ea28-4ef5-b99b-9773d7531f39,User 10,0.95,05752143-082f-46fb-82f4-cc52ca93a65e,Facade Elevation Detailing,Finalize the detailed elevation drawings for the high-rise building.,Section Drawing,Low,2025-04-17
024df57e-e42f-4ee6-a1b8-ec83483e5eac,User 9,0.63,99dd599e-60b6-41c0-a905-96313c046bec,Lighting Plan Design,Create a lighting and fixture layout for the retail store.,Partition Plan,Neutral,2025-04-18
9069f066-f062-482d-8cc8-e80c5c2c3610,User 6,0.79,1b655fac-600e-4646-81c2-787817ffe79a,Site Plan Drafting,Prepare a site plan layout considering zoning and access.,3D Model,High,2025-04-13
33180913-798f-4cbb-b409-95a00edfe66a,User 7,0.61,4d98eca4-b931-491b-8c80-ba81f93689e8,Site Plan Drafting,Prepare a site plan layout considering zoning and access.,Custom Millwork & Joinery Drawing,Neutral,2025-04-13
9069f066-f062-482d-8cc8-e80c5c2c3610,User 6,0.91,5b79ff25-1db2-4b25-bdb0-6408a52d0a22,Custom Joinery Design,Develop detailed joinery drawings for the interior fit-out project.,Reflected Ceiling Plan,Neutral,2025-04-10
ac795678-f4a4-4ea2-a8fc-6c23f62f7645,User 1,0.74,944f5957-6ce4-4f2d-b444-9a88a1c68a52,Site Plan Drafting,Prepare a site plan layout considering zoning and access.,Door & Window Schedule,Low,2025-04-15
27bec55e-e875-486d-a466-4c7b5cedb55b,User 5,0.64,fdae6787-f6e7-4e47-8dfe-611aa37f842b,Facade Elevation Detailing,Finalize the detailed elevation drawings for the high-rise building.,Virtual Reality,High,2025-04-24
33180913-798f-4cbb-b409-95a00edfe66a,User 7,0.73,213ae4ae-7c47-49d6-a13d-434f0da4a159,Permit Drawing Submission,Prepare and submit permit drawings for approval.,Construction Document,Low,2025-04-15
f0105b38-6d81-4f41-b710-f5608bf51dd9,User 8,0.73,0306de40-7f44-4674-bdc1-31c118a66203,Interior Layout Planning,Optimize space planning for the luxury apartment interior.,Partition Plan,Low,2025-05-03
024df57e-e42f-4ee6-a1b8-ec83483e5eac,User 9,0.6,165f2145-485b-4128-95e3-6f379836745c,Site Plan Drafting,Prepare a site plan layout considering zoning and access.,Interior Layout Plan,Neutral,2025-04-08
f0105b38-6d81-4f41-b710-f5608bf51dd9,User 8,0.99,6b8bf3b8-b850-4697-b776-3397ea760d73,Permit Drawing Submission,Prepare and submit permit drawings for approval.,Door & Window Schedule,Low,2025-04-26
f0105b38-6d81-4f41-b710-f5608bf51dd9,User 8,0.86,68485aff-9ea9-4e38-b4a7-017755ae6801,Material Selection & Specification,Curate materials and finishes for the sustainable home project.,Technical Specification,Neutral,2025-04-19
33180913-798f-4cbb-b409-95a00edfe66a,User 7,0.81,fa146de8-9155-446d-b45b-f50ff67296a7,Conceptual Design Drafting,Prepare an initial concept sketch for the urban park renovation.,Schematic Design,Low,2025-04-16
eb00c2b8-6777-4b8c-b167-e9c2185ef93f,User 3,0.78,c6b34c3e-9f5b-46d4-b6b6-911055ea116d,Technical Specifications,Compile technical specifications for the construction phase.,Finish Schedule,Low,2025-05-01
8491fd1f-ea28-4ef5-b99b-9773d7531f39,User 10,0.77,efc0cb24-3513-425e-8a68-eb8a084a2533,Site Plan Drafting,Prepare a site plan layout considering zoning and access.,Virtual Reality,High,2025-05-02
8491fd1f-ea28-4ef5-b99b-9773d7531f39,User 10,0.91,45bcab44-1f31-4d0d-8f92-9b4b65d0f7f3,Landscape Design Refinement,Enhance the planting layout for the residential garden.,Conceptual Design,High,2025-04-23
9069f066-f062-482d-8cc8-e80c5c2c3610,User 6,0.88,412b9545-883f-459a-ae9a-98d93543c516,Hardscape Design Execution,Design outdoor paving and seating areas for the commercial plaza.,Construction Document,High,2025-05-04
eb00c2b8-6777-4b8c-b167-e9c2185ef93f,User 3,0.99,62c2814d-04d3-4ed2-b3dd-ee1e2c911cff,Technical Specifications,Compile technical specifications for the construction phase.,Section Drawing,Low,2025-04-17
eb00c2b8-6777-4b8c-b167-e9c2185ef93f,User 3,0.6,b1a85c55-e39f-46da-8174-8f232d754a2e,Permit Drawing Submission,Prepare and submit permit drawings for approval.,Section Drawing,Neutral,2025-04-07
ac795678-f4a4-4ea2-a8fc-6c23f62f7645,User 1,0.8,94dface2-48f6-459e-ab67-75996c8959d0,Structural Coordination,Coordinate with the structural engineer for beam placements.,Site Plan,High,2025-05-01
f0105b38-6d81-4f41-b710-f5608bf51dd9,User 8,0.8,15dbe8bf-97a5-495e-bec6-90467fc3af4d,Lighting Plan Design,Create a lighting and fixture layout for the retail store.,Door & Window Schedule,Neutral,2025-04-20
27bec55e-e875-486d-a466-4c7b5cedb55b,User 5,0.61,065404b1-c0e7-4952-8a0e-fd518e9795e9,Technical Specifications,Compile technical specifications for the construction phase.,Elevation Drawing,High,2025-04-10
024df57e-e42f-4ee6-a1b8-ec83483e5eac,User 9,0.62,7baf63dd-1c3e-4fce-a1e9-bd25cdf4531e,Technical Specifications,Compile technical specifications for the construction phase.,Floor Plan,Neutral,2025-04-17
8491fd1f-ea28-4ef5-b99b-9773d7531f39,User 10,0.6,aa384cf5-32e4-4d1c-b427-b7c16b7e13b1,3D Model Development,Create a detailed 3D model for the client’s new residential project.,Site Plan,Neutral,2025-04-23
9069f066-f062-482d-8cc8-e80c5c2c3610,User 6,0.85,11b38da7-5715-4f7b-bc70-8d39839fb0a5,Material Selection & Specification,Curate materials and finishes for the sustainable home project.,Lighting & Fixture Plan,Neutral,2025-04-26
ac795678-f4a4-4ea2-a8fc-6c23f62f7645,User 1,0.87,9f79602c-59f8-42e5-aaf2-3658ed601f73,Lighting Plan Design,Create a lighting and fixture layout for the retail store.,Technical Specification,Neutral,2025-04-20
26ca226c-d424-4800-aba5-82e4feeb5441,User 4,0.95,48616d5e-6af3-4519-a766-5562ca595193,Facade Elevation Detailing,Finalize the detailed elevation drawings for the high-rise building.,Schematic Design,High,2025-04-10
27bec55e-e875-486d-a466-4c7b5cedb55b,User 5,0.92,5410d068-96e5-4d4c-8cde-c95f13619982,Structural Coordination,Coordinate with the structural engineer for beam placements.,Design Development,Neutral,2025-04-19
f0105b38-6d81-4f41-b710-f5608bf51dd9,User 8,0.9,dfb5069c-a16b-4e42-b1de-1bd7b3c6fff9,Hardscape Design Execution,Design outdoor paving and seating areas for the commercial plaza.,Others,High,2025-04-29
27bec55e-e875-486d-a466-4c7b5cedb55b,User 5,0.82,c195a9e1-0b04-492d-9dae-b94609249760,Technical Specifications,Compile technical specifications for the construction phase.,Section Drawing,Neutral,2025-05-03
f0105b38-6d81-4f41-b710-f5608bf51dd9,User 8,0.98,959b3fe4-fc9c-421e-a9bd-21a9b78d8d96,Site Plan Drafting,Prepare a site plan layout considering zoning and access.,Door & Window Schedule,High,2025-04-13
f0105b38-6d81-4f41-b710-f5608bf51dd9,User 8,0.93,c56d6076-7d67-46ae-8bfd-408bcaa4d5e1,Conceptual Design Drafting,Prepare an initial concept sketch for the urban park renovation.,3D Model,High,2025-05-01
ac795678-f4a4-4ea2-a8fc-6c23f62f7645,User 1,0.67,1ab237cc-614c-4a0d-8b73-3daff184b711,Render Finalization,Enhance the 3D renders for the commercial building's presentation.,Conceptual Design,Low,2025-04-09
9069f066-f062-482d-8cc8-e80c5c2c3610,User 6,0.8,34cb08de-ee3b-4618-943f-6b881f87fd31,Permit Drawing Submission,Prepare and submit permit drawings for approval.,Permit Drawing,Neutral,2025-04-11
024df57e-e42f-4ee6-a1b8-ec83483e5eac,User 9,1.0,8ff63d6c-b31f-45d7-805a-a9465e4c222f,Construction Documentation,Compile detailed construction drawings for city permit approval.,Technical Specification,Low,2025-04-20
9069f066-f062-482d-8cc8-e80c5c2c3610,User 6,0.71,36bd533a-1a89-4b4b-aaaa-eabae753ca7c,Technical Specifications,Compile technical specifications for the construction phase.,Roof Plan,Neutral,2025-04-12
8491fd1f-ea28-4ef5-b99b-9773d7531f39,User 10,0.85,7d4c4010-b73d-450a-9aba-a6c850e7d8a6,Lighting Plan Design,Create a lighting and fixture layout for the retail store.,Site Plan,High,2025-04-14
eb00c2b8-6777-4b8c-b167-e9c2185ef93f,User 3,0.95,324d9fa4-6100-4c68-b88e-e62470664c4e,Custom Joinery Design,Develop detailed joinery drawings for the interior fit-out project.,Virtual Reality,High,2025-04-15
eb00c2b8-6777-4b8c-b167-e9c2185ef93f,User 3,0.73,28f360b0-2854-4d60-80dd-8d22032f93e4,Conceptual Design Drafting,Prepare an initial concept sketch for the urban park renovation.,Site Plan,Neutral,2025-04-27
024df57e-e42f-4ee6-a1b8-ec83483e5eac,User 9,0.64,edc840e9-f533-4f9f-ae0e-bac0d43c5bb3,Lighting Plan Design,Create a lighting and fixture layout for the retail store.,3D Model,High,2025-04-19
26ca226c-d424-4800-aba5-82e4feeb5441,User 4,0.75,ec509660-1e17-4dbe-9945-2a99b9647bc8,Hardscape Design Execution,Design outdoor paving and seating areas for the commercial plaza.,Schematic Design,High,2025-04-14
27bec55e-e875-486d-a466-4c7b5cedb55b,User 5,0.81,e1cfb06e-7409-43d7-b721-218f2190a737,Technical Specifications,Compile technical specifications for the construction phase.,Furniture Layout Plan,Neutral,2025-04-23
f0105b38-6d81-4f41-b710-f5608bf51dd9,User 8,0.94,6ff16c63-85c5-4dca-8dea-8e642b9f317f,Structural Coordination,Coordinate with the structural engineer for beam placements.,Permit Drawing,Neutral,2025-04-14
26ca226c-d424-4800-aba5-82e4feeb5441,User 4,0.61,77c2be20-1e37-4632-85a4-0d38c81f9545,Site Plan Drafting,Prepare a site plan layout considering zoning and access.,Roof Plan,Low,2025-04-07
eb00c2b8-6777-4b8c-b167-e9c2185ef93f,User 3,0.64,af218fc4-864a-4b0c-ab94-35bb0af4dda0,Landscape Design Refinement,Enhance the planting layout for the residential garden.,Virtual Reality,Low,2025-05-05
393c9685-138b-4e97-8b10-8faa1eb603f1,User 2,0.84,df49b439-158c-45b3-b91d-98b48215d98d,Material Selection & Specification,Curate materials and finishes for the sustainable home project.,Door & Window Schedule,Low,2025-04-15
26ca226c-d424-4800-aba5-82e4feeb5441,User 4,0.9,8716d661-2ec4-4632-ae36-f0d3e34e2189,Landscape Design Refinement,Enhance the planting layout for the residential garden.,Floor Plan,Neutral,2025-04-28
eb00c2b8-6777-4b8c-b167-e9c2185ef93f,User 3,0.97,0360fb3c-e207-4a91-9f06-99cc1f785719,Hardscape Design Execution,Design outdoor paving and seating areas for the commercial plaza.,Schematic Design,Low,2025-05-02
8491fd1f-ea28-4ef5-b99b-9773d7531f39,User 10,0.99,981db806-855c-4ead-b125-4746949d2854,Structural Coordination,Coordinate with the structural engineer for beam placements.,3D Model,Low,2025-04-10
f0105b38-6d81-4f41-b710-f5608bf51dd9,User 8,0.72,5924591e-4bf8-46f0-9ad9-cd80d5c2d6b1,Technical Specifications,Compile technical specifications for the construction phase.,Section Drawing,Neutral,2025-04-20
26ca226c-d424-4800-aba5-82e4feeb5441,User 4,0.67,31d98f52-d68a-40ae-b715-56fce5fcd618,Site Plan Drafting,Prepare a site plan layout considering zoning and access.,Roof Plan,High,2025-04-14
8491fd1f-ea28-4ef5-b99b-9773d7531f39,User 10,0.71,bd30de4b-aeff-4dc7-a66c-a40b8f69af9b,Facade Elevation Detailing,Finalize the detailed elevation drawings for the high-rise building.,Technical Specification,Low,2025-04-25
ac795678-f4a4-4ea2-a8fc-6c23f62f7645,User 1,0.78,b6366f0d-10ac-43b4-bda2-f099b04e176b,Custom Joinery Design,Develop detailed joinery drawings for the interior fit-out project.,Door & Window Schedule,High,2025-04-20
ac795678-f4a4-4ea2-a8fc-6c23f62f7645,User 1,0.61,ca777304-bfe9-4eaa-8741-17f7256792aa,Permit Drawing Submission,Prepare and submit permit drawings for approval.,Partition Plan,Neutral,2025-04-06
eb00c2b8-6777-4b8c-b167-e9c2185ef93f,User 3,0.64,c478817b-6809-4768-aaa0-2659fb96742f,Landscape Design Refinement,Enhance the planting layout for the residential garden.,Partition Plan,Neutral,2025-04-16
ac795678-f4a4-4ea2-a8fc-6c23f62f7645,User 1,0.96,d4ea6457-5738-4501-965d-5c77551179bc,Custom Joinery Design,Develop detailed joinery drawings for the interior fit-out project.,Finish Schedule,High,2025-04-12
f0105b38-6d81-4f41-b710-f5608bf51dd9,User 8,0.93,316a2502-e743-4856-a60f-19fe54e6c4a1,Hardscape Design Execution,Design outdoor paving and seating areas for the commercial plaza.,Material Board,High,2025-04-09
27bec55e-e875-486d-a466-4c7b5cedb55b,User 5,0.67,4eaaf977-642a-431f-95c4-e4ed45886639,Lighting Plan Design,Create a lighting and fixture layout for the retail store.,Permit Drawing,Low,2025-04-18
f0105b38-6d81-4f41-b710-f5608bf51dd9,User 8,0.92,7706ed4f-223b-4849-9286-ebd5aefa1a5b,Render Finalization,Enhance the 3D renders for the commercial building's presentation.,3D Model,High,2025-04-30
393c9685-138b-4e97-8b10-8faa1eb603f1,User 2,0.87,1698f5f1-b060-4e9c-a360-a01a6764c66e,Construction Documentation,Compile detailed construction drawings for city permit approval.,Landscape Plan,High,2025-04-11
9069f066-f062-482d-8cc8-e80c5c2c3610,User 6,0.77,b4793d79-1ddc-4bbc-bad0-be28651f9224,Site Plan Drafting,Prepare a site plan layout considering zoning and access.,Door & Window Schedule,Low,2025-04-28
9069f066-f062-482d-8cc8-e80c5c2c3610,User 6,0.62,3e5dfefa-2b97-4d82-ad85-8675f3f2115b,Lighting Plan Design,Create a lighting and fixture layout for the retail store.,Reflected Ceiling Plan,Low,2025-04-22
33180913-798f-4cbb-b409-95a00edfe66a,User 7,0.71,86794737-5ec3-4f3e-90ea-e29bce6da963,Facade Elevation Detailing,Finalize the detailed elevation drawings for the high-rise building.,Floor Plan,High,2025-04-19
26ca226c-d424-4800-aba5-82e4feeb5441,User 4,0.91,8087cc3b-578d-4fa1-abb3-ccaecc12d0c1,Lighting Plan Design,Create a lighting and fixture layout for the retail store.,Interior Layout Plan,Neutral,2025-04-28
eb00c2b8-6777-4b8c-b167-e9c2185ef93f,User 3,0.68,055932a2-6ac5-4d6d-8ae1-daac28a62bf2,Custom Joinery Design,Develop detailed joinery drawings for the interior fit-out project.,Interior Layout Plan,Neutral,2025-04-16
eb00c2b8-6777-4b8c-b167-e9c2185ef93f,User 3,0.79,420ffd30-9f4c-4661-8b33-d0c245376a5e,Hardscape Design Execution,Design outdoor paving and seating areas for the commercial plaza.,Permit Drawing,Neutral,2025-04-07
393c9685-138b-4e97-8b10-8faa1eb603f1,User 2,0.98,0efd5e81-b1d5-4de2-9adb-98965280bb00,3D Model Development,Create a detailed 3D model for the client’s new residential project.,3D Render,Neutral,2025-04-18
eb00c2b8-6777-4b8c-b167-e9c2185ef93f,User 3,0.76,f72bb0eb-6d8c-48a2-ab3f-a38357efff22,Interior Layout Planning,Optimize space planning for the luxury apartment interior.,Section Drawing,Low,2025-04-15
f0105b38-6d81-4f41-b710-f5608bf51dd9,User 8,0.65,36246fcc-6385-447b-9927-9b396bb30cd2,Custom Joinery Design,Develop detailed joinery drawings for the interior fit-out project.,Others,Low,2025-04-30
33180913-798f-4cbb-b409-95a00edfe66a,User 7,0.79,e49749d7-a075-45a4-a824-06753bb835cb,Technical Specifications,Compile technical specifications for the construction phase.,Construction Document,High,2025-05-03
f0105b38-6d81-4f41-b710-f5608bf51dd9,User 8,0.94,45a3d4a8-60fb-4b29-a65a-0db361e409dd,Interior Layout Planning,Optimize space planning for the luxury apartment interior.,3D Model,High,2025-04-15
393c9685-138b-4e97-8b10-8faa1eb603f1,User 2,0.74,eacce201-e61b-4bb8-9828-5d41fcd52a9f,Interior Layout Planning,Optimize space planning for the luxury apartment interior.,Hardscape Plan,High,2025-04-08
33180913-798f-4cbb-b409-95a00edfe66a,User 7,0.98,f485f31a-4c7d-438d-af43-ef1600500aaf,Render Finalization,Enhance the 3D renders for the commercial building's presentation.,3D Model,Neutral,2025-04-17
ac795678-f4a4-4ea2-a8fc-6c23f62f7645,User 1,0.99,8d0aa50f-2921-4dd3-aed7-00da4419ac08,Render Finalization,Enhance the 3D renders for the commercial building's presentation.,Others,Low,2025-04-12
27bec55e-e875-486d-a466-4c7b5cedb55b,User 5,0.8,aa6d064a-9994-43c9-a861-2b60cd788579,Lighting Plan Design,Create a lighting and fixture layout for the retail store.,Schematic Design,Low,2025-04-12
27bec55e-e875-486d-a466-4c7b5cedb55b,User 5,0.87,aa0b0c2f-8660-411a-ae5b-58a5241e4294,Conceptual Design Drafting,Prepare an initial concept sketch for the urban park renovation.,Elevation Drawing,Low,2025-05-01
8491fd1f-ea28-4ef5-b99b-9773d7531f39,User 10,0.9,0e3516da-095b-4af2-948c-e3b85207f4aa,Custom Joinery Design,Develop detailed joinery drawings for the interior fit-out project.,Reflected Ceiling Plan,Low,2025-04-16
33180913-798f-4cbb-b409-95a00edfe66a,User 7,0.96,8be94764-7371-4af8-9dda-f5691c56251a,Construction Documentation,Compile detailed construction drawings for city permit approval.,Schematic Design,Low,2025-04-20
26ca226c-d424-4800-aba5-82e4feeb5441,User 4,0.86,21f9aa65-d1e0-4392-8d25-47fda602adff,Permit Drawing Submission,Prepare and submit permit drawings for approval.,Permit Drawing,Neutral,2025-04-15
33180913-798f-4cbb-b409-95a00edfe66a,User 7,0.77,cbed30db-2f65-46a1-9c3b-31870b862ebb,Landscape Design Refinement,Enhance the planting layout for the residential garden.,Permit Drawing,Low,2025-04-06
8491fd1f-ea28-4ef5-b99b-9773d7531f39,User 10,0.7,7cb4e8cd-a95d-46e3-8e4d-a01e40c703bb,Structural Coordination,Coordinate with the structural engineer for beam placements.,Permit Drawing,High,2025-04-06
ac795678-f4a4-4ea2-a8fc-6c23f62f7645,User 1,0.93,0076c9f5-01dc-4587-94f2-d5bbd68a6691,Material Selection & Specification,Curate materials and finishes for the sustainable home project.,Material Board,Low,2025-04-30
26ca226c-d424-4800-aba5-82e4feeb5441,User 4,0.89,951522cd-d658-46c9-a45d-61af6faa485e,Custom Joinery Design,Develop detailed joinery drawings for the interior fit-out project.,Partition Plan,Neutral,2025-04-14
eb00c2b8-6777-4b8c-b167-e9c2185ef93f,User 3,0.97,bfb4f397-07a8-4c06-9b1d-b815ac75d68d,3D Model Development,Create a detailed 3D model for the client’s new residential project.,Material Board,Neutral,2025-04-10
9069f066-f062-482d-8cc8-e80c5c2c3610,User 6,0.98,60350692-a3ba-4418-9d0a-495501494eb8,Facade Elevation Detailing,Finalize the detailed elevation drawings for the high-rise building.,Conceptual Design,High,2025-05-02
33180913-798f-4cbb-b409-95a00edfe66a,User 7,0.66,c0d39424-3234-44b4-a282-b10a0356e5b5,3D Model Development,Create a detailed 3D model for the client’s new residential project.,Landscape Plan,Neutral,2025-04-25
393c9685-138b-4e97-8b10-8faa1eb603f1,User 2,0.98,170c4e3f-d586-4ef8-b4c9-ac6b5bc90758,Custom Joinery Design,Develop detailed joinery drawings for the interior fit-out project.,Others,Neutral,2025-04-29
33180913-798f-4cbb-b409-95a00edfe66a,User 7,0.87,8c99dd01-1a04-4b8f-9d0f-bbf531427ba3,Site Plan Drafting,Prepare a site plan layout considering zoning and access.,Roof Plan,Neutral,2025-05-02
8491fd1f-ea28-4ef5-b99b-9773d7531f39,User 10,0.87,8912c498-658d-42e3-bb12-bd6dc99b1dfb,Render Finalization,Enhance the 3D renders for the commercial building's presentation.,Lighting & Fixture Plan,Neutral,2025-04-30
27bec55e-e875-486d-a466-4c7b5cedb55b,User 5,0.66,6eb91111-a54b-458a-8a58-da30076be6d2,Render Finalization,Enhance the 3D renders for the commercial building's presentation.,Virtual Reality,Neutral,2025-04-22
f0105b38-6d81-4f41-b710-f5608bf51dd9,User 8,0.89,850df08a-b21e-43cc-aa29-6b002b04a9f9,Site Plan Drafting,Prepare a site plan layout considering zoning and access.,Virtual Reality,Neutral,2025-05-02
9069f066-f062-482d-8cc8-e80c5c2c3610,User 6,0.92,1c6de1c3-7c45-47a0-a244-2f2a7393d82a,Construction Documentation,Compile detailed construction drawings for city permit approval.,Finish Schedule,Neutral,2025-04-29
eb00c2b8-6777-4b8c-b167-e9c2185ef93f,User 3,0.73,9cdfd1f8-70ab-41d4-84e3-865ee91b3bac,Landscape Design Refinement,Enhance the planting layout for the residential garden.,Custom Millwork & Joinery Drawing,Low,2025-04-09
9069f066-f062-482d-8cc8-e80c5c2c3610,User 6,0.7,478fc79f-f202-4581-b63c-7c6212d400f7,Hardscape Design Execution,Design outdoor paving and seating areas for the commercial plaza.,Construction Document,High,2025-04-06
9069f066-f062-482d-8cc8-e80c5c2c3610,User 6,0.94,fd4cd74a-1609-4a96-9b94-578167f544c4,Site Plan Drafting,Prepare a site plan layout considering zoning and access.,Finish Schedule,Neutral,2025-05-03
9069f066-f062-482d-8cc8-e80c5c2c3610,User 6,0.79,278d69f3-7cb1-48a3-ae69-367c0b7e2d92,Construction Documentation,Compile detailed construction drawings for city permit approval.,Roof Plan,Neutral,2025-04-23
024df57e-e42f-4ee6-a1b8-ec83483e5eac,User 9,0.77,7bd0456d-1b7e-448f-b681-577e946a831f,Material Selection & Specification,Curate materials and finishes for the sustainable home project.,Material Board,High,2025-05-01
33180913-798f-4cbb-b409-95a00edfe66a,User 7,0.88,b947c88e-66f1-4649-b836-88cc86974007,Custom Joinery Design,Develop detailed joinery drawings for the interior fit-out project.,Construction Document,Neutral,2025-04-23
eb00c2b8-6777-4b8c-b167-e9c2185ef93f,User 3,0.73,cdc8c0a9-3bed-47a3-af1f-2247f6a37fdb,Site Plan Drafting,Prepare a site plan layout considering zoning and access.,Site Plan,Neutral,2025-04-24
33180913-798f-4cbb-b409-95a00edfe66a,User 7,0.97,34123c83-646c-4397-9caa-0e8219286ab7,Structural Coordination,Coordinate with the structural engineer for beam placements.,Custom Millwork & Joinery Drawing,Neutral,2025-05-01
9069f066-f062-482d-8cc8-e80c5c2c3610,User 6,0.61,26673aa0-e485-4bbd-9105-4106212b27a2,Facade Elevation Detailing,Finalize the detailed elevation drawings for the high-rise building.,Custom Millwork & Joinery Drawing,Neutral,2025-05-02
eb00c2b8-6777-4b8c-b167-e9c2185ef93f,User 3,0.81,fd981e9f-bfc1-4666-80ce-ad9179dd8ea6,Lighting Plan Design,Create a lighting and fixture layout for the retail store.,3D Model,Neutral,2025-05-03
024df57e-e42f-4ee6-a1b8-ec83483e5eac,User 9,0.69,5ad49206-21b1-4774-89aa-da857da5a70e,3D Model Development,Create a detailed 3D model for the client’s new residential project.,Furniture Layout Plan,Neutral,2025-04-21
9069f066-f062-482d-8cc8-e80c5c2c3610,User 6,0.79,e546a2f0-e948-4f88-8100-818fd26d0e93,Permit Drawing Submission,Prepare and submit permit drawings for approval.,Door & Window Schedule,Low,2025-04-27
024df57e-e42f-4ee6-a1b8-ec83483e5eac,User 9,0.73,2b6811d1-90f1-4f67-b8a8-ad9606db6f9b,Technical Specifications,Compile technical specifications for the construction phase.,Lighting & Fixture Plan,High,2025-04-17
393c9685-138b-4e97-8b10-8faa1eb603f1,User 2,0.77,4ebe777c-e683-4513-9160-08a20c7c0795,Landscape Design Refinement,Enhance the planting layout for the residential garden.,Site Plan,High,2025-04-11
f0105b38-6d81-4f41-b710-f5608bf51dd9,User 8,0.77,ae4087b5-f65b-4762-868d-f75b2afb667a,Landscape Design Refinement,Enhance the planting layout for the residential garden.,Lighting & Fixture Plan,Low,2025-04-10
eb00c2b8-6777-4b8c-b167-e9c2185ef93f,User 3,0.97,39e6dcb1-adcd-4e63-a7ef-80b824de1006,3D Model Development,Create a detailed 3D model for the client’s new residential project.,Door & Window Schedule,Low,2025-04-06
f0105b38-6d81-4f41-b710-f5608bf51dd9,User 8,0.63,894e1801-bcd1-4d9b-9787-98aecb15977c,Facade Elevation Detailing,Finalize the detailed elevation drawings for the high-rise building.,Finish Schedule,Neutral,2025-05-02
8491fd1f-ea28-4ef5-b99b-9773d7531f39,User 10,0.91,1e52fc30-ac11-4df9-bdc7-1071812f4d6b,Construction Documentation,Compile detailed construction drawings for city permit approval.,Zoning & Building Code Compliance,Low,2025-04-25
8491fd1f-ea28-4ef5-b99b-9773d7531f39,User 10,0.71,804bbdf2-40ca-467b-b379-0bb3a918c888,Structural Coordination,Coordinate with the structural engineer for beam placements.,Site Plan,Neutral,2025-04-28
ac795678-f4a4-4ea2-a8fc-6c23f62f7645,User 1,0.88,71c0ae5a-ea7c-4f45-9332-4d101fe15bff,Material Selection & Specification,Curate materials and finishes for the sustainable home project.,Technical Specification,Low,2025-04-10
27bec55e-e875-486d-a466-4c7b5cedb55b,User 5,0.67,42acc769-361c-45f5-b1c9-36e7d5337d08,Facade Elevation Detailing,Finalize the detailed elevation drawings for the high-rise building.,Design Development,Low,2025-05-05
f0105b38-6d81-4f41-b710-f5608bf51dd9,User 8,0.88,32a2f36e-ff6d-4fe0-8cdf-f9b3e8483bbb,Hardscape Design Execution,Design outdoor paving and seating areas for the commercial plaza.,Design Development,Neutral,2025-04-29
393c9685-138b-4e97-8b10-8faa1eb603f1,User 2,0.83,c47fab9d-b047-412f-891c-e5870be27ff4,Technical Specifications,Compile technical specifications for the construction phase.,Others,Low,2025-04-13
eb00c2b8-6777-4b8c-b167-e9c2185ef93f,User 3,0.67,c585d00d-0f67-4c15-b36b-9c815e13be98,Interior Layout Planning,Optimize space planning for the luxury apartment interior.,Finish Schedule,High,2025-04-26
f0105b38-6d81-4f41-b710-f5608bf51dd9,User 8,0.74,029b367b-85f5-4c4f-9ad2-d18cd092f281,Material Selection & Specification,Curate materials and finishes for the sustainable home project.,Floor Plan,Neutral,2025-04-08
27bec55e-e875-486d-a466-4c7b5cedb55b,User 5,0.91,dda00585-a337-43d8-a1c6-76fe793dc4dc,Facade Elevation Detailing,Finalize the detailed elevation drawings for the high-rise building.,Lighting & Fixture Plan,Low,2025-04-29
9069f066-f062-482d-8cc8-e80c5c2c3610,User 6,0.81,6940d73d-a144-4277-8c01-8b1a8aa4dbaf,Facade Elevation Detailing,Finalize the detailed elevation drawings for the high-rise building.,Construction Document,Low,2025-04-17
8491fd1f-ea28-4ef5-b99b-9773d7531f39,User 10,0.73,d67b35e1-b14f-4ca3-a2d6-270a6ee08e75,Structural Coordination,Coordinate with the structural engineer for beam placements.,Reflected Ceiling Plan,High,2025-04-11
33180913-798f-4cbb-b409-95a00edfe66a,User 7,0.84,fec9e7f8-340a-427f-b23d-8b46d47f81ff,Permit Drawing Submission,Prepare and submit permit drawings for approval.,Hardscape Plan,High,2025-04-08
27bec55e-e875-486d-a466-4c7b5cedb55b,User 5,0.97,44254309-a65f-4502-9bfa-67fbbfcc2bba,Construction Documentation,Compile detailed construction drawings for city permit approval.,3D Model,Neutral,2025-04-12
8491fd1f-ea28-4ef5-b99b-9773d7531f39,User 10,0.81,5d239564-76cf-4dc0-87f1-47310a0cca9d,Hardscape Design Execution,Design outdoor paving and seating areas for the commercial plaza.,General Specification,Low,2025-04-07
27bec55e-e875-486d-a466-4c7b5cedb55b,User 5,0.95,91cdb56d-a3c8-48bb-b274-69dcf573a24c,Render Finalization,Enhance the 3D renders for the commercial building's presentation.,3D Render,High,2025-04-29
8491fd1f-ea28-4ef5-b99b-9773d7531f39,User 10,0.79,536e4267-dc8c-411b-8166-62b9b40e7dcb,Construction Documentation,Compile detailed construction drawings for city permit approval.,Elevation Drawing,Neutral,2025-04-06
26ca226c-d424-4800-aba5-82e4feeb5441,User 4,0.85,cedf57e8-a317-48a3-a4d7-77764a1e9ef8,Construction Documentation,Compile detailed construction drawings for city permit approval.,Floor Plan,Low,2025-04-17
33180913-798f-4cbb-b409-95a00edfe66a,User 7,0.81,dc660bfe-08b1-4647-aed9-a2cc61582613,Interior Layout Planning,Optimize space planning for the luxury apartment interior.,General Specification,High,2025-05-01
26ca226c-d424-4800-aba5-82e4feeb5441,User 4,0.97,5e547258-16ab-4f87-b774-ad282771d0dc,Technical Specifications,Compile technical specifications for the construction phase.,Site Plan,High,2025-04-20
9069f066-f062-482d-8cc8-e80c5c2c3610,User 6,0.85,18ae0b31-26d9-40f2-8a39-4a9950496264,Interior Layout Planning,Optimize space planning for the luxury apartment interior.,Landscape Plan,Neutral,2025-05-04
8491fd1f-ea28-4ef5-b99b-9773d7531f39,User 10,0.61,cc3f85c6-3072-4e97-935f-1a3dfd5b699e,Landscape Design Refinement,Enhance the planting layout for the residential garden.,Zoning & Building Code Compliance,Low,2025-04-09
f0105b38-6d81-4f41-b710-f5608bf51dd9,User 8,0.77,403b54fb-fec2-4aa7-b64e-1698b41ff2a3,Structural Coordination,Coordinate with the structural engineer for beam placements.,Interior Layout Plan,Neutral,2025-04-19
393c9685-138b-4e97-8b10-8faa1eb603f1,User 2,0.9,3f55b1b8-6b33-4be9-86aa-833a9e145f2b,Facade Elevation Detailing,Finalize the detailed elevation drawings for the high-rise building.,Technical Specification,Low,2025-04-07
f0105b38-6d81-4f41-b710-f5608bf51dd9,User 8,0.9,5b9b8bf8-b8c9-4952-97b7-6108ae4c1005,Structural Coordination,Coordinate with the structural engineer for beam placements.,Floor Plan,Low,2025-05-02
27bec55e-e875-486d-a466-4c7b5cedb55b,User 5,0.81,ba1c4714-e911-4240-87b5-67abb4fd7682,Lighting Plan Design,Create a lighting and fixture layout for the retail store.,Others,High,2025-05-05
27bec55e-e875-486d-a466-4c7b5cedb55b,User 5,0.96,647f547b-f374-4211-b844-d58018817b5f,Lighting Plan Design,Create a lighting and fixture layout for the retail store.,Landscape Plan,Neutral,2025-04-22
393c9685-138b-4e97-8b10-8faa1eb603f1,User 2,0.91,dd7a877f-b979-4591-a9f6-6c7489bedb20,Material Selection & Specification,Curate materials and finishes for the sustainable home project.,3D Model,High,2025-04-07
eb00c2b8-6777-4b8c-b167-e9c2185ef93f,User 3,0.93,4abccf35-cb50-406e-9413-6a83a5d50724,Facade Elevation Detailing,Finalize the detailed elevation drawings for the high-rise building.,Site Plan,Low,2025-04-16
27bec55e-e875-486d-a466-4c7b5cedb55b,User 5,0.94,c7cf7b8a-9a85-4dc3-ba28-69c3be7e433b,Interior Layout Planning,Optimize space planning for the luxury apartment interior.,Zoning & Building Code Compliance,Neutral,2025-05-04
26ca226c-d424-4800-aba5-82e4feeb5441,User 4,0.7,5779d90a-fd55-4f45-806b-418d91e910c8,Technical Specifications,Compile technical specifications for the construction phase.,Lighting & Fixture Plan,High,2025-04-27
ac795678-f4a4-4ea2-a8fc-6c23f62f7645,User 1,0.6,d7eaf7d1-f166-40bf-bb8b-2a634e6609f8,Hardscape Design Execution,Design outdoor paving and seating areas for the commercial plaza.,Floor Plan,Low,2025-05-04
024df57e-e42f-4ee6-a1b8-ec83483e5eac,User 9,0.93,dd9c8434-b166-4f2d-9903-6ccdca65abbb,Technical Specifications,Compile technical specifications for the construction phase.,Design Development,Low,2025-04-21
33180913-798f-4cbb-b409-95a00edfe66a,User 7,0.87,12890af2-c986-41df-bc9e-9dcc16a6bd37,Custom Joinery Design,Develop detailed joinery drawings for the interior fit-out project.,General Specification,Low,2025-04-14
27bec55e-e875-486d-a466-4c7b5cedb55b,User 5,0.97,7d3d386d-a26f-4915-8a54-f6e9166ea5a5,Interior Layout Planning,Optimize space planning for the luxury apartment interior.,Virtual Reality,Neutral,2025-04-14
33180913-798f-4cbb-b409-95a00edfe66a,User 7,0.85,8991c537-7d65-4629-80af-9c36c2ad7801,Landscape Design Refinement,Enhance the planting layout for the residential garden.,Conceptual Design,Neutral,2025-04-23
27bec55e-e875-486d-a466-4c7b5cedb55b,User 5,0.72,f8ff8fdc-51b6-4b6a-876e-408419c5a307,Material Selection & Specification,Curate materials and finishes for the sustainable home project.,Section Drawing,Neutral,2025-04-08
024df57e-e42f-4ee6-a1b8-ec83483e5eac,User 9,0.99,a37835d0-bacf-49dd-a0b5-9de5e59a87fa,Structural Coordination,Coordinate with the structural engineer for beam placements.,Door & Window Schedule,High,2025-04-10
024df57e-e42f-4ee6-a1b8-ec83483e5eac,User 9,0.72,5599dfa1-8507-45db-b02c-c6851bed9bb6,Material Selection & Specification,Curate materials and finishes for the sustainable home project.,Door & Window Schedule,Low,2025-04-26
ac795678-f4a4-4ea2-a8fc-6c23f62f7645,User 1,0.96,7a92b3aa-806b-4d58-8f69-f7c452eb3c8d,Interior Layout Planning,Optimize space planning for the luxury apartment interior.,Furniture Layout Plan,Low,2025-04-09
024df57e-e42f-4ee6-a1b8-ec83483e5eac,User 9,0.85,fd2c3b9d-f8e9-4148-a79b-7f3737288f32,3D Model Development,Create a detailed 3D model for the client’s new residential project.,Roof Plan,Neutral,2025-04-10
ac795678-f4a4-4ea2-a8fc-6c23f62f7645,User 1,0.76,be575c36-cb12-450f-8e72-4c4689373091,Material Selection & Specification,Curate materials and finishes for the sustainable home project.,Others,Low,2025-05-03
ac795678-f4a4-4ea2-a8fc-6c23f62f7645,User 1,0.76,230c314d-99de-4a5a-8880-08adb66c33b3,Structural Coordination,Coordinate with the structural engineer for beam placements.,Virtual Reality,Neutral,2025-05-02
ac795678-f4a4-4ea2-a8fc-6c23f62f7645,User 1,0.94,2871b31d-8c75-4f4b-97f6-29c104ff5e01,Render Finalization,Enhance the 3D renders for the commercial building's presentation.,Zoning & Building Code Compliance,High,2025-04-06
27bec55e-e875-486d-a466-4c7b5cedb55b,User 5,0.9,6d68b833-29c3-47a1-ae57-98f815772404,Structural Coordination,Coordinate with the structural engineer for beam placements.,Permit Drawing,High,2025-04-18
33180913-798f-4cbb-b409-95a00edfe66a,User 7,0.74,31946006-5b6a-4ebf-97cc-fd54a6b7a3c0,Interior Layout Planning,Optimize space planning for the luxury apartment interior.,Zoning & Building Code Compliance,High,2025-05-01
ac795678-f4a4-4ea2-a8fc-6c23f62f7645,User 1,0.83,ee274519-17ba-4500-ba34-795a513b9f82,Custom Joinery Design,Develop detailed joinery drawings for the interior fit-out project.,Section Drawing,Low,2025-04-08
33180913-798f-4cbb-b409-95a00edfe66a,User 7,0.92,f5b5d31d-d63a-4f91-83c2-c7cdc31e66fa,Landscape Design Refinement,Enhance the planting layout for the residential garden.,Zoning & Building Code Compliance,Neutral,2025-04-09
26ca226c-d424-4800-aba5-82e4feeb5441,User 4,0.72,7d399d43-734f-42d4-b7d7-a724f6a3e557,Hardscape Design Execution,Design outdoor paving and seating areas for the commercial plaza.,3D Model,High,2025-04-10
f0105b38-6d81-4f41-b710-f5608bf51dd9,User 8,0.73,c9e19b49-5fd9-47a4-88de-73c253d73a31,Structural Coordination,Coordinate with the structural engineer for beam placements.,Hardscape Plan,Neutral,2025-05-03
9069f066-f062-482d-8cc8-e80c5c2c3610,User 6,0.91,cd5541b6-6595-431b-86cc-f8db8e359d38,Construction Documentation,Compile detailed construction drawings for city permit approval.,3D Render,Neutral,2025-04-10
024df57e-e42f-4ee6-a1b8-ec83483e5eac,User 9,0.6,b4618bd0-fbbe-42d0-8365-e68d3d581549,Site Plan Drafting,Prepare a site plan layout considering zoning and access.,Furniture Layout Plan,Low,2025-04-10
8491fd1f-ea28-4ef5-b99b-9773d7531f39,User 10,0.95,fa7d937d-a19d-42d0-aacd-2509934eec43,Render Finalization,Enhance the 3D renders for the commercial building's presentation.,Virtual Reality,Neutral,2025-04-11
33180913-798f-4cbb-b409-95a00edfe66a,User 7,0.64,f2527bd2-d68c-4f83-acdf-52f16a2d77d2,Construction Documentation,Compile detailed construction drawings for city permit approval.,Section Drawing,Neutral,2025-04-13
024df57e-e42f-4ee6-a1b8-ec83483e5eac,User 9,0.79,5513478f-506d-4a2f-bd02-a78b7b5c6fc0,Hardscape Design Execution,Design outdoor paving and seating areas for the commercial plaza.,3D Model,High,2025-05-04
eb00c2b8-6777-4b8c-b167-e9c2185ef93f,User 3,0.74,cff70d1a-1211-4f12-a406-c5dd2deef77e,3D Model Development,Create a detailed 3D model for the client’s new residential project.,General Specification,Low,2025-04-19
8491fd1f-ea28-4ef5-b99b-9773d7531f39,User 10,0.68,6a913c84-1abf-4534-933b-2f3c968bec8d,Technical Specifications,Compile technical specifications for the construction phase.,Technical Specification,Low,2025-04-12
ac795678-f4a4-4ea2-a8fc-6c23f62f7645,User 1,0.96,a6006a76-9e15-47b1-9509-8273bf2a0d09,Custom Joinery Design,Develop detailed joinery drawings for the interior fit-out project.,Section Drawing,Neutral,2025-05-01
8491fd1f-ea28-4ef5-b99b-9773d7531f39,User 10,0.81,dba992c8-1432-4168-8cef-53bd3828f689,Hardscape Design Execution,Design outdoor paving and seating areas for the commercial plaza.,Partition Plan,High,2025-04-20
f0105b38-6d81-4f41-b710-f5608bf51dd9,User 8,0.72,5502a1df-8abe-4f65-a2d0-1b4213e83226,Structural Coordination,Coordinate with the structural engineer for beam placements.,Roof Plan,Neutral,2025-04-07
393c9685-138b-4e97-8b10-8faa1eb603f1,User 2,0.73,620a40e4-b07c-4194-86dc-8a61e8b2da30,Landscape Design Refinement,Enhance the planting layout for the residential garden.,Section Drawing,Neutral,2025-04-26
33180913-798f-4cbb-b409-95a00edfe66a,User 7,0.94,2fdae1cf-21c7-4595-a6a4-2b5b2cc8bb23,Render Finalization,Enhance the 3D renders for the commercial building's presentation.,Material Board,Neutral,2025-05-05
9069f066-f062-482d-8cc8-e80c5c2c3610,User 6,0.99,9b6c0ee9-9326-4198-bdd4-6ce5c1a77e69,Construction Documentation,Compile detailed construction drawings for city permit approval.,Hardscape Plan,Neutral,2025-04-09
8491fd1f-ea28-4ef5-b99b-9773d7531f39,User 10,0.83,57df2fd5-71fa-4681-a81d-8a2391420673,Lighting Plan Design,Create a lighting and fixture layout for the retail store.,Furniture Layout Plan,Low,2025-04-13
26ca226c-d424-4800-aba5-82e4feeb5441,User 4,0.94,c8b4626f-66b8-4334-b586-87910afedf9f,Custom Joinery Design,Develop detailed joinery drawings for the interior fit-out project.,Schematic Design,High,2025-04-29
33180913-798f-4cbb-b409-95a00edfe66a,User 7,0.7,2c58be3e-7482-4ffa-b929-dacaf9381a0f,Construction Documentation,Compile detailed construction drawings for city permit approval.,3D Model,Low,2025-04-07
ac795678-f4a4-4ea2-a8fc-6c23f62f7645,User 1,0.98,b8d23213-b477-48fb-a116-ab742e7c16aa,Lighting Plan Design,Create a lighting and fixture layout for the retail store.,Interior Layout Plan,High,2025-04-06
f0105b38-6d81-4f41-b710-f5608bf51dd9,User 8,0.77,0e233d67-63cb-492d-aeaa-c7ab7cbded06,Construction Documentation,Compile detailed construction drawings for city permit approval.,Hardscape Plan,Low,2025-04-28
ac795678-f4a4-4ea2-a8fc-6c23f62f7645,User 1,0.83,7eead827-9208-45f2-82e1-f9cf32f442f6,3D Model Development,Create a detailed 3D model for the client’s new residential project.,Schematic Design,Low,2025-05-02
8491fd1f-ea28-4ef5-b99b-9773d7531f39,User 10,0.82,00031986-8c74-485c-a178-06e55176b270,Custom Joinery Design,Develop detailed joinery drawings for the interior fit-out project.,Material Board,Low,2025-04-14
ac795678-f4a4-4ea2-a8fc-6c23f62f7645,User 1,0.96,0547930d-954d-49fb-ac3d-7b51ad16ad80,Site Plan Drafting,Prepare a site plan layout considering zoning and access.,Zoning & Building Code Compliance,Low,2025-04-29
33180913-798f-4cbb-b409-95a00edfe66a,User 7,0.84,c19679e1-e362-4d70-b907-aeaae53e0982,3D Model Development,Create a detailed 3D model for the client’s new residential project.,Lighting & Fixture Plan,Neutral,2025-04-12
eb00c2b8-6777-4b8c-b167-e9c2185ef93f,User 3,0.86,dea85626-584e-492b-a233-45bfd1d0bc2e,Landscape Design Refinement,Enhance the planting layout for the residential garden.,Material Board,Neutral,2025-04-11
8491fd1f-ea28-4ef5-b99b-9773d7531f39,User 10,0.88,0e1cf26b-4202-473a-b30a-6d5aede76d55,Construction Documentation,Compile detailed construction drawings for city permit approval.,Door & Window Schedule,High,2025-04-25
9069f066-f062-482d-8cc8-e80c5c2c3610,User 6,0.84,bee0654f-53d7-4b77-9e7d-9f38ca84bd91,Permit Drawing Submission,Prepare and submit permit drawings for approval.,Interior Layout Plan,Neutral,2025-05-04
26ca226c-d424-4800-aba5-82e4feeb5441,User 4,0.84,be8c1c93-19a6-4a18-84b1-471e16be65d8,Technical Specifications,Compile technical specifications for the construction phase.,3D Render,Low,2025-04-21
393c9685-138b-4e97-8b10-8faa1eb603f1,User 2,0.61,bfe1d4cb-fdc4-4d48-9a88-66b91ced1521,Facade Elevation Detailing,Finalize the detailed elevation drawings for the high-rise building.,Schematic Design,Neutral,2025-05-03
eb00c2b8-6777-4b8c-b167-e9c2185ef93f,User 3,0.77,2ec5cc5b-3442-4df2-8a31-d33b848617e1,Facade Elevation Detailing,Finalize the detailed elevation drawings for the high-rise building.,Furniture Layout Plan,High,2025-05-02
393c9685-138b-4e97-8b10-8faa1eb603f1,User 2,0.64,fad3fd34-14b3-485a-ab6e-d620a4ccdfd2,Permit Drawing Submission,Prepare and submit permit drawings for approval.,3D Model,Low,2025-04-12
33180913-798f-4cbb-b409-95a00edfe66a,User 7,0.72,d289c805-994b-443d-b966-81837e7e2827,Construction Documentation,Compile detailed construction drawings for city permit approval.,Design Development,Low,2025-04-22
27bec55e-e875-486d-a466-4c7b5cedb55b,User 5,0.92,7afaa137-0ad1-406d-a4e0-33877212281c,Landscape Design Refinement,Enhance the planting layout for the residential garden.,Conceptual Design,High,2025-04-27
33180913-798f-4cbb-b409-95a00edfe66a,User 7,0.69,46ea7b18-cdae-44f6-a104-274bff35ad06,Hardscape Design Execution,Design outdoor paving and seating areas for the commercial plaza.,Interior Layout Plan,High,2025-05-01
26ca226c-d424-4800-aba5-82e4feeb5441,User 4,0.89,db552518-8cd8-447f-aa35-ba17b5b5f0cd,Lighting Plan Design,Create a lighting and fixture layout for the retail store.,Site Plan,Neutral,2025-05-02
f0105b38-6d81-4f41-b710-f5608bf51dd9,User 8,0.73,58b5789a-f161-4c52-944f-427fb164a2c3,Render Finalization,Enhance the 3D renders for the commercial building's presentation.,Lighting & Fixture Plan,High,2025-04-28
8491fd1f-ea28-4ef5-b99b-9773d7531f39,User 10,0.67,73ebad2b-7dab-4c2c-9915-eb620a26dc01,Interior Layout Planning,Optimize space planning for the luxury apartment interior.,General Specification,Low,2025-04-11
ac795678-f4a4-4ea2-a8fc-6c23f62f7645,User 1,0.65,6bf88d11-0185-4d6e-9282-9cfab9f5d482,Permit Drawing Submission,Prepare and submit permit drawings for approval.,Section Drawing,Low,2025-04-26
024df57e-e42f-4ee6-a1b8-ec83483e5eac,User 9,0.91,1f32cd82-1895-4b6e-8205-e176fc981ddd,Lighting Plan Design,Create a lighting and fixture layout for the retail store.,Lighting & Fixture Plan,High,2025-04-17
eb00c2b8-6777-4b8c-b167-e9c2185ef93f,User 3,0.98,da55b948-d863-4daa-bfd0-b2bad485e1db,Interior Layout Planning,Optimize space planning for the luxury apartment interior.,Reflected Ceiling Plan,Low,2025-04-23
eb00c2b8-6777-4b8c-b167-e9c2185ef93f,User 3,0.65,6e7bf6e4-0382-4a96-a7de-52941b689759,Technical Specifications,Compile technical specifications for the construction phase.,Door & Window Schedule,Neutral,2025-04-17
27bec55e-e875-486d-a466-4c7b5cedb55b,User 5,0.88,75971d7b-0389-4695-8f43-e0bae517d1be,Facade Elevation Detailing,Finalize the detailed elevation drawings for the high-rise building.,Elevation Drawing,Low,2025-04-23
024df57e-e42f-4ee6-a1b8-ec83483e5eac,User 9,0.98,6ee56e15-b622-4f3e-9d5c-177b07cf6840,Interior Layout Planning,Optimize space planning for the luxury apartment interior.,Schematic Design,Low,2025-04-06
eb00c2b8-6777-4b8c-b167-e9c2185ef93f,User 3,0.9,0e685be5-74cd-4dcc-886f-1fbfd9bf3ab5,Technical Specifications,Compile technical specifications for the construction phase.,Roof Plan,High,2025-05-05
33180913-798f-4cbb-b409-95a00edfe66a,User 7,0.92,edcd75bc-33c8-45cd-a130-cd7cc853b2a3,Facade Elevation Detailing,Finalize the detailed elevation drawings for the high-rise building.,Zoning & Building Code Compliance,Low,2025-04-23
9069f066-f062-482d-8cc8-e80c5c2c3610,User 6,0.93,ac578602-4739-4414-91d0-978e311c2a60,Material Selection & Specification,Curate materials and finishes for the sustainable home project.,Conceptual Design,High,2025-04-06
9069f066-f062-482d-8cc8-e80c5c2c3610,User 6,0.96,8c6eb582-f329-4cc2-af21-d84d10a9e392,3D Model Development,Create a detailed 3D model for the client’s new residential project.,Conceptual Design,High,2025-04-23
27bec55e-e875-486d-a466-4c7b5cedb55b,User 5,0.61,0f164d49-fba7-4486-8946-1b1922907e31,Facade Elevation Detailing,Finalize the detailed elevation drawings for the high-rise building.,Zoning & Building Code Compliance,Neutral,2025-04-19
f0105b38-6d81-4f41-b710-f5608bf51dd9,User 8,0.69,7514f310-03c3-4c44-b902-8b78af6d62f7,Technical Specifications,Compile technical specifications for the construction phase.,Schematic Design,Low,2025-05-04
024df57e-e42f-4ee6-a1b8-ec83483e5eac,User 9,0.77,a4fefe2e-eb1c-4be6-a8b5-7359c6489729,Custom Joinery Design,Develop detailed joinery drawings for the interior fit-out project.,3D Render,Low,2025-04-24
f0105b38-6d81-4f41-b710-f5608bf51dd9,User 8,0.65,14fff98a-0ffa-4343-b879-76021ecc3ec8,Render Finalization,Enhance the 3D renders for the commercial building's presentation.,Design Development,High,2025-04-06
eb00c2b8-6777-4b8c-b167-e9c2185ef93f,User 3,0.68,2ef8ca80-58f0-4b40-bc82-d30abd736bad,Structural Coordination,Coordinate with the structural engineer for beam placements.,Partition Plan,High,2025-04-11
33180913-798f-4cbb-b409-95a00edfe66a,User 7,0.7,4fba1b24-e766-4463-afa1-75badf0400f0,Conceptual Design Drafting,Prepare an initial concept sketch for the urban park renovation.,Landscape Plan,Low,2025-04-12
f0105b38-6d81-4f41-b710-f5608bf51dd9,User 8,0.81,6af78217-a16f-445a-80f9-b26a01938b83,Permit Drawing Submission,Prepare and submit permit drawings for approval.,Design Development,High,2025-04-09
33180913-798f-4cbb-b409-95a00edfe66a,User 7,0.65,d268afaa-629f-4145-b53f-44497f6e45f7,Technical Specifications,Compile technical specifications for the construction phase.,Door & Window Schedule,High,2025-04-18
9069f066-f062-482d-8cc8-e80c5c2c3610,User 6,0.82,d0d7a6cf-a7b3-4fa2-841e-269a09b239cc,Technical Specifications,Compile technical specifications for the construction phase.,Construction Document,Low,2025-04-25
ac795678-f4a4-4ea2-a8fc-6c23f62f7645,User 1,0.76,53bb71e5-7cf4-4cde-bd47-02b89a4536e9,Material Selection & Specification,Curate materials and finishes for the sustainable home project.,Floor Plan,High,2025-04-30
393c9685-138b-4e97-8b10-8faa1eb603f1,User 2,0.98,e0305745-ec9f-4a9b-a131-549fa57b95db,Lighting Plan Design,Create a lighting and fixture layout for the retail store.,Others,Neutral,2025-05-01
eb00c2b8-6777-4b8c-b167-e9c2185ef93f,User 3,0.73,f366bc08-3bca-450c-97e3-70b5679a651b,Hardscape Design Execution,Design outdoor paving and seating areas for the commercial plaza.,Section Drawing,Low,2025-04-28
26ca226c-d424-4800-aba5-82e4feeb5441,User 4,0.65,296e3a6d-deac-40d0-b68d-c6fb51ee7ebf,Permit Drawing Submission,Prepare and submit permit drawings for approval.,Landscape Plan,Neutral,2025-04-29
024df57e-e42f-4ee6-a1b8-ec83483e5eac,User 9,0.74,41d5bdec-a13c-4013-8eb3-c197d3281507,Technical Specifications,Compile technical specifications for the construction phase.,3D Render,High,2025-04-11
27bec55e-e875-486d-a466-4c7b5cedb55b,User 5,0.76,a5a8ae36-0c55-4a87-9370-41ce7ef9216d,Landscape Design Refinement,Enhance the planting layout for the residential garden.,3D Model,Neutral,2025-04-24
26ca226c-d424-4800-aba5-82e4feeb5441,User 4,0.77,c344ab06-a10c-4895-ba5d-0271ed9e8db7,Facade Elevation Detailing,Finalize the detailed elevation drawings for the high-rise building.,Elevation Drawing,Low,2025-04-09
024df57e-e42f-4ee6-a1b8-ec83483e5eac,User 9,0.68,7aeac86f-15a3-4678-aac5-7a1a1a79f296,Lighting Plan Design,Create a lighting and fixture layout for the retail store.,Landscape Plan,Low,2025-04-19
33180913-798f-4cbb-b409-95a00edfe66a,User 7,0.74,117f3776-446c-4e6d-b64b-da05f530bb45,Interior Layout Planning,Optimize space planning for the luxury apartment interior.,Roof Plan,High,2025-05-04
26ca226c-d424-4800-aba5-82e4feeb5441,User 4,0.61,358b2201-6365-4234-be66-25d7112c9ae0,Material Selection & Specification,Curate materials and finishes for the sustainable home project.,3D Model,Neutral,2025-04-06
8491fd1f-ea28-4ef5-b99b-9773d7531f39,User 10,0.63,b212d3a2-3017-42db-afb2-49cae271a76b,Custom Joinery Design,Develop detailed joinery drawings for the interior fit-out project.,Construction Document,Neutral,2025-04-15
26ca226c-d424-4800-aba5-82e4feeb5441,User 4,0.92,58eb2f38-133e-4b92-82fc-919d976309ad,Landscape Design Refinement,Enhance the planting layout for the residential garden.,Zoning & Building Code Compliance,High,2025-04-22
8491fd1f-ea28-4ef5-b99b-9773d7531f39,User 10,1.0,56200488-3eac-4695-a490-07d588b020ea,Lighting Plan Design,Create a lighting and fixture layout for the retail store.,Floor Plan,Neutral,2025-04-30
024df57e-e42f-4ee6-a1b8-ec83483e5eac,User 9,0.89,ee930626-802e-467a-bfda-a9fc9a6bb4a3,Lighting Plan Design,Create a lighting and fixture layout for the retail store.,Hardscape Plan,Neutral,2025-04-06
ac795678-f4a4-4ea2-a8fc-6c23f62f7645,User 1,0.94,f40434bf-0486-4bcc-ae1b-7c466f84411e,Material Selection & Specification,Curate materials and finishes for the sustainable home project.,Zoning & Building Code Compliance,High,2025-04-22
f0105b38-6d81-4f41-b710-f5608bf51dd9,User 8,0.68,cdb96276-40fd-4cf9-becd-140a89bbde27,Site Plan Drafting,Prepare a site plan layout considering zoning and access.,Construction Document,High,2025-05-04
26ca226c-d424-4800-aba5-82e4feeb5441,User 4,0.85,0521ec24-96e8-46f1-a3c4-2ec8d0287a61,Lighting Plan Design,Create a lighting and fixture layout for the retail store.,Partition Plan,Neutral,2025-04-23
eb00c2b8-6777-4b8c-b167-e9c2185ef93f,User 3,0.95,9247b728-db1c-4781-8b54-262f8f0653be,3D Model Development,Create a detailed 3D model for the client’s new residential project.,Virtual Reality,Neutral,2025-04-25
393c9685-138b-4e97-8b10-8faa1eb603f1,User 2,0.82,29876f1a-8206-45e9-b5e8-08cbafa3d83c,Site Plan Drafting,Prepare a site plan layout considering zoning and access.,Custom Millwork & Joinery Drawing,Low,2025-04-20
27bec55e-e875-486d-a466-4c7b5cedb55b,User 5,0.97,834aba03-9f8b-433a-b32b-18ba63cb9c17,Material Selection & Specification,Curate materials and finishes for the sustainable home project.,Construction Document,Neutral,2025-04-25
33180913-798f-4cbb-b409-95a00edfe66a,User 7,0.82,c0149909-6f8b-40f7-b7ce-cb0ab4c23591,Render Finalization,Enhance the 3D renders for the commercial building's presentation.,Design Development,Low,2025-04-25
eb00c2b8-6777-4b8c-b167-e9c2185ef93f,User 3,0.81,1e95dd93-6e6d-4b1d-b768-37b64331a2a7,3D Model Development,Create a detailed 3D model for the client’s new residential project.,Hardscape Plan,Neutral,2025-04-30
024df57e-e42f-4ee6-a1b8-ec83483e5eac,User 9,0.95,df29cd37-f85c-4ad7-840d-f61306d6e381,Hardscape Design Execution,Design outdoor paving and seating areas for the commercial plaza.,Roof Plan,High,2025-04-18
33180913-798f-4cbb-b409-95a00edfe66a,User 7,0.65,cadd8496-dc34-4b7b-9a92-0209c55747ef,Material Selection & Specification,Curate materials and finishes for the sustainable home project.,Partition Plan,High,2025-04-07
024df57e-e42f-4ee6-a1b8-ec83483e5eac,User 9,0.6,8e8976b5-12b7-4188-9ee1-5f84c12e827b,Render Finalization,Enhance the 3D renders for the commercial building's presentation.,3D Model,Neutral,2025-04-08
8491fd1f-ea28-4ef5-b99b-9773d7531f39,User 10,0.61,8e593015-61a7-491e-b6b9-7a3378f38595,Construction Documentation,Compile detailed construction drawings for city permit approval.,Landscape Plan,Low,2025-05-04
eb00c2b8-6777-4b8c-b167-e9c2185ef93f,User 3,0.73,28ded406-2e15-468a-af0e-c22ed2c27127,Lighting Plan Design,Create a lighting and fixture layout for the retail store.,Schematic Design,Neutral,2025-05-01
f0105b38-6d81-4f41-b710-f5608bf51dd9,User 8,0.61,22484aa0-8707-446c-9dfe-f0ff05710157,Site Plan Drafting,Prepare a site plan layout considering zoning and access.,Interior Layout Plan,Neutral,2025-04-16
ac795678-f4a4-4ea2-a8fc-6c23f62f7645,User 1,0.89,ba8ca08b-3a91-492e-8338-46be0b52f303,Permit Drawing Submission,Prepare and submit permit drawings for approval.,Door & Window Schedule,Low,2025-04-19
f0105b38-6d81-4f41-b710-f5608bf51dd9,User 8,0.68,19e8b5dc-ce95-4323-b846-8f2226d8e30d,Facade Elevation Detailing,Finalize the detailed elevation drawings for the high-rise building.,Virtual Reality,High,2025-04-19
393c9685-138b-4e97-8b10-8faa1eb603f1,User 2,0.65,c7717c31-91ef-40f6-8893-65e14c20a1b4,Conceptual Design Drafting,Prepare an initial concept sketch for the urban park renovation.,Permit Drawing,Neutral,2025-04-23
8491fd1f-ea28-4ef5-b99b-9773d7531f39,User 10,0.86,a4f7e985-1c53-439b-8d9f-0017bc4e3913,Hardscape Design Execution,Design outdoor paving and seating areas for the commercial plaza.,Permit Drawing,High,2025-04-30
33180913-798f-4cbb-b409-95a00edfe66a,User 7,0.84,4ec43fca-7098-411c-ae11-86e114dc946e,Facade Elevation Detailing,Finalize the detailed elevation drawings for the high-rise building.,Floor Plan,High,2025-04-25
f0105b38-6d81-4f41-b710-f5608bf51dd9,User 8,0.92,4e511460-bc5d-4584-bbf9-32bffaf6e2d4,Custom Joinery Design,Develop detailed joinery drawings for the interior fit-out project.,3D Render,High,2025-04-21
f0105b38-6d81-4f41-b710-f5608bf51dd9,User 8,0.93,e5e72aa1-ad16-4e94-bd10-61d168b6cc01,Construction Documentation,Compile detailed construction drawings for city permit approval.,Furniture Layout Plan,Low,2025-04-12
eb00c2b8-6777-4b8c-b167-e9c2185ef93f,User 3,0.84,75267d41-3ffc-4fc9-925e-8182e76b091f,Hardscape Design Execution,Design outdoor paving and seating areas for the commercial plaza.,3D Model,High,2025-05-05
9069f066-f062-482d-8cc8-e80c5c2c3610,User 6,0.67,5a17fecc-813a-4cac-a325-327c599c9ec8,Interior Layout Planning,Optimize space planning for the luxury apartment interior.,Section Drawing,Neutral,2025-05-04
f0105b38-6d81-4f41-b710-f5608bf51dd9,User 8,0.89,79339948-b3a5-4ff9-874e-0fdc1bc823b7,3D Model Development,Create a detailed 3D model for the client’s new residential project.,Zoning & Building Code Compliance,Neutral,2025-04-16
024df57e-e42f-4ee6-a1b8-ec83483e5eac,User 9,0.98,d46c596d-1f38-4422-94d3-24f69db56457,3D Model Development,Create a detailed 3D model for the client’s new residential project.,Permit Drawing,Neutral,2025-04-12
eb00c2b8-6777-4b8c-b167-e9c2185ef93f,,0.0,61f53a2c-3ee9-4cca-b9df-cd80df4dada2,Interior Layout Planning,Optimize space planning for the luxury apartment interior.,Virtual Reality,High,2025-04-21
27bec55e-e875-486d-a466-4c7b5cedb55b,,0.0,ec8a3c7f-1c57-4bbb-9d0f-4ff8501c75b0,Hardscape Design Execution,Design outdoor paving and seating areas for the commercial plaza.,Technical Specification,High,2025-04-07
26ca226c-d424-4800-aba5-82e4feeb5441,,0.0,01fffc81-6a42-48ae-92b3-a2d09f5592ed,3D Model Development,Create a detailed 3D model for the client’s new residential project.,Interior Layout Plan,Neutral,2025-04-14
